"Timestamp","Message"
"2026-07-08 12:59:34","web_eventosmeta  | Aguardando PostgreSQL ficar pronto..."
"2026-07-08 12:59:34","web_eventosmeta  | Executando migrations..."
"2026-07-08 12:59:34","web_eventosmeta  | Operations to perform:"
"2026-07-08 12:59:34","web_eventosmeta  |   Apply all migrations: academico, accounts, admin, auth, axes, contenttypes, eventos, interessados, selecao, sessions"
"2026-07-08 12:59:34","web_eventosmeta  | Running migrations:"
"2026-07-08 12:59:34","web_eventosmeta  |   No migrations to apply."
"2026-07-08 12:59:34","web_eventosmeta  |   Your models in app(s): 'eventos' have changes that are not yet reflected in a migration, and so won't be applied."
"2026-07-08 12:59:34","web_eventosmeta  |   Run 'manage.py makemigrations' to make new migrations, and then re-run 'manage.py migrate' to apply them."
"2026-07-08 12:59:34","web_eventosmeta  | Coletando arquivos est├íticos..."
"2026-07-08 12:59:34","web_eventosmeta  | Deleting 'admin/css/autocomplete.css'"
"2026-07-08 12:59:34","web_eventosmeta  | Deleting 'admin/css/base.css'"
"2026-07-08 12:59:34","web_eventosmeta  | Deleting 'admin/css/changelists.css'"
"2026-07-08 12:59:34","web_eventosmeta  | Deleting 'admin/css/dark_mode.css'"
"2026-07-08 12:59:34","web_eventosmeta  | Deleting 'admin/css/dashboard.css'"
"2026-07-08 12:59:34","web_eventosmeta  | Deleting 'admin/css/forms.css'"
"2026-07-08 12:59:34","web_eventosmeta  | Deleting 'admin/css/login.css'"
"2026-07-08 12:59:34","web_eventosmeta  | Deleting 'admin/css/nav_sidebar.css'"
"2026-07-08 12:59:34","web_eventosmeta  | Deleting 'admin/css/responsive.css'"
"2026-07-08 12:59:34","web_eventosmeta  | Deleting 'admin/css/responsive_rtl.css'"
"2026-07-08 12:59:34","web_eventosmeta  | Deleting 'admin/css/rtl.css'"
"2026-07-08 12:59:34","web_eventosmeta  | Deleting 'admin/css/unusable_password_field.css'"
"2026-07-08 12:59:34","web_eventosmeta  | Deleting 'admin/css/widgets.css'"
"2026-07-08 12:59:34","web_eventosmeta  | Deleting 'admin/css/vendor/select2/LICENSE-SELECT2.md'"
"2026-07-08 12:59:34","web_eventosmeta  | Deleting 'admin/css/vendor/select2/select2.css'"
"2026-07-08 12:59:34","web_eventosmeta  | Deleting 'admin/css/vendor/select2/select2.min.css'"
"2026-07-08 12:59:34","web_eventosmeta  | Deleting 'admin/img/calendar-icons.svg'"
"2026-07-08 12:59:34","web_eventosmeta  | Deleting 'admin/img/icon-addlink.svg'"
"2026-07-08 12:59:34","web_eventosmeta  | Deleting 'admin/img/icon-alert.svg'"
"2026-07-08 12:59:34","web_eventosmeta  | Deleting 'admin/img/icon-calendar.svg'"
"2026-07-08 12:59:34","web_eventosmeta  | Deleting 'admin/img/icon-changelink.svg'"
"2026-07-08 12:59:34","web_eventosmeta  | Deleting 'admin/img/icon-clock.svg'"
"2026-07-08 12:59:34","web_eventosmeta  | Deleting 'admin/img/icon-deletelink.svg'"
"2026-07-08 12:59:34","web_eventosmeta  | Deleting 'admin/img/icon-hidelink.svg'"
"2026-07-08 12:59:34","web_eventosmeta  | Deleting 'admin/img/icon-no.svg'"
"2026-07-08 12:59:34","web_eventosmeta  | Deleting 'admin/img/icon-unknown-alt.svg'"
"2026-07-08 12:59:34","web_eventosmeta  | Deleting 'admin/img/icon-unknown.svg'"
"2026-07-08 12:59:34","web_eventosmeta  | Deleting 'admin/img/icon-viewlink.svg'"
"2026-07-08 12:59:34","web_eventosmeta  | Deleting 'admin/img/icon-yes.svg'"
"2026-07-08 12:59:34","web_eventosmeta  | Deleting 'admin/img/inline-delete.svg'"
"2026-07-08 12:59:34","web_eventosmeta  | Deleting 'admin/img/LICENSE'"
"2026-07-08 12:59:34","web_eventosmeta  | Deleting 'admin/img/README.txt'"
"2026-07-08 12:59:34","web_eventosmeta  | Deleting 'admin/img/search.svg'"
"2026-07-08 12:59:34","web_eventosmeta  | Deleting 'admin/img/selector-icons.svg'"
"2026-07-08 12:59:34","web_eventosmeta  | Deleting 'admin/img/sorting-icons.svg'"
"2026-07-08 12:59:34","web_eventosmeta  | Deleting 'admin/img/tooltag-add.svg'"
"2026-07-08 12:59:34","web_eventosmeta  | Deleting 'admin/img/tooltag-arrowright.svg'"
"2026-07-08 12:59:34","web_eventosmeta  | Deleting 'admin/img/gis/move_vertex_off.svg'"
"2026-07-08 12:59:34","web_eventosmeta  | Deleting 'admin/img/gis/move_vertex_on.svg'"
"2026-07-08 12:59:34","web_eventosmeta  | Deleting 'admin/js/actions.js'"
"2026-07-08 12:59:34","web_eventosmeta  | Deleting 'admin/js/autocomplete.js'"
"2026-07-08 12:59:34","web_eventosmeta  | Deleting 'admin/js/calendar.js'"
"2026-07-08 12:59:34","web_eventosmeta  | Deleting 'admin/js/cancel.js'"
"2026-07-08 12:59:34","web_eventosmeta  | Deleting 'admin/js/change_form.js'"
"2026-07-08 12:59:34","web_eventosmeta  | Deleting 'admin/js/core.js'"
"2026-07-08 12:59:34","web_eventosmeta  | Deleting 'admin/js/filters.js'"
"2026-07-08 12:59:34","web_eventosmeta  | Deleting 'admin/js/inlines.js'"
"2026-07-08 12:59:34","web_eventosmeta  | Deleting 'admin/js/jquery.init.js'"
"2026-07-08 12:59:34","web_eventosmeta  | Deleting 'admin/js/nav_sidebar.js'"
"2026-07-08 12:59:34","web_eventosmeta  | Deleting 'admin/js/popup_response.js'"
"2026-07-08 12:59:34","web_eventosmeta  | Deleting 'admin/js/prepopulate.js'"
"2026-07-08 12:59:34","web_eventosmeta  | Deleting 'admin/js/prepopulate_init.js'"
"2026-07-08 12:59:34","web_eventosmeta  | Deleting 'admin/js/SelectBox.js'"
"2026-07-08 12:59:34","web_eventosmeta  | Deleting 'admin/js/SelectFilter2.js'"
"2026-07-08 12:59:34","web_eventosmeta  | Deleting 'admin/js/theme.js'"
"2026-07-08 12:59:34","web_eventosmeta  | Deleting 'admin/js/unusable_password_field.js'"
"2026-07-08 12:59:34","web_eventosmeta  | Deleting 'admin/js/urlify.js'"
"2026-07-08 12:59:34","web_eventosmeta  | Deleting 'admin/js/admin/DateTimeShortcuts.js'"
"2026-07-08 12:59:34","web_eventosmeta  | Deleting 'admin/js/admin/RelatedObjectLookups.js'"
"2026-07-08 12:59:34","web_eventosmeta  | Deleting 'admin/js/vendor/jquery/jquery.js'"
"2026-07-08 12:59:34","web_eventosmeta  | Deleting 'admin/js/vendor/jquery/jquery.min.js'"
"2026-07-08 12:59:34","web_eventosmeta  | Deleting 'admin/js/vendor/jquery/LICENSE.txt'"
"2026-07-08 12:59:34","web_eventosmeta  | Deleting 'admin/js/vendor/select2/LICENSE.md'"
"2026-07-08 12:59:34","web_eventosmeta  | Deleting 'admin/js/vendor/select2/select2.full.js'"
"2026-07-08 12:59:34","web_eventosmeta  | Deleting 'admin/js/vendor/select2/select2.full.min.js'"
"2026-07-08 12:59:34","web_eventosmeta  | Deleting 'admin/js/vendor/select2/i18n/af.js'"
"2026-07-08 12:59:34","web_eventosmeta  | Deleting 'admin/js/vendor/select2/i18n/ar.js'"
"2026-07-08 12:59:34","web_eventosmeta  | Deleting 'admin/js/vendor/select2/i18n/az.js'"
"2026-07-08 12:59:34","web_eventosmeta  | Deleting 'admin/js/vendor/select2/i18n/bg.js'"
"2026-07-08 12:59:34","web_eventosmeta  | Deleting 'admin/js/vendor/select2/i18n/bn.js'"
"2026-07-08 12:59:34","web_eventosmeta  | Deleting 'admin/js/vendor/select2/i18n/bs.js'"
"2026-07-08 12:59:34","web_eventosmeta  | Deleting 'admin/js/vendor/select2/i18n/ca.js'"
"2026-07-08 12:59:34","web_eventosmeta  | Deleting 'admin/js/vendor/select2/i18n/cs.js'"
"2026-07-08 12:59:34","web_eventosmeta  | Deleting 'admin/js/vendor/select2/i18n/da.js'"
"2026-07-08 12:59:34","web_eventosmeta  | Deleting 'admin/js/vendor/select2/i18n/de.js'"
"2026-07-08 12:59:34","web_eventosmeta  | Deleting 'admin/js/vendor/select2/i18n/dsb.js'"
"2026-07-08 12:59:34","web_eventosmeta  | Deleting 'admin/js/vendor/select2/i18n/el.js'"
"2026-07-08 12:59:34","web_eventosmeta  | Deleting 'admin/js/vendor/select2/i18n/en.js'"
"2026-07-08 12:59:34","web_eventosmeta  | Deleting 'admin/js/vendor/select2/i18n/es.js'"
"2026-07-08 12:59:34","web_eventosmeta  | Deleting 'admin/js/vendor/select2/i18n/et.js'"
"2026-07-08 12:59:34","web_eventosmeta  | Deleting 'admin/js/vendor/select2/i18n/eu.js'"
"2026-07-08 12:59:34","web_eventosmeta  | Deleting 'admin/js/vendor/select2/i18n/fa.js'"
"2026-07-08 12:59:34","web_eventosmeta  | Deleting 'admin/js/vendor/select2/i18n/fi.js'"
"2026-07-08 12:59:34","web_eventosmeta  | Deleting 'admin/js/vendor/select2/i18n/fr.js'"
"2026-07-08 12:59:34","web_eventosmeta  | Deleting 'admin/js/vendor/select2/i18n/gl.js'"
"2026-07-08 12:59:34","web_eventosmeta  | Deleting 'admin/js/vendor/select2/i18n/he.js'"
"2026-07-08 12:59:34","web_eventosmeta  | Deleting 'admin/js/vendor/select2/i18n/hi.js'"
"2026-07-08 12:59:34","web_eventosmeta  | Deleting 'admin/js/vendor/select2/i18n/hr.js'"
"2026-07-08 12:59:34","web_eventosmeta  | Deleting 'admin/js/vendor/select2/i18n/hsb.js'"
"2026-07-08 12:59:34","web_eventosmeta  | Deleting 'admin/js/vendor/select2/i18n/hu.js'"
"2026-07-08 12:59:34","web_eventosmeta  | Deleting 'admin/js/vendor/select2/i18n/hy.js'"
"2026-07-08 12:59:34","web_eventosmeta  | Deleting 'admin/js/vendor/select2/i18n/id.js'"
"2026-07-08 12:59:34","web_eventosmeta  | Deleting 'admin/js/vendor/select2/i18n/is.js'"
"2026-07-08 12:59:34","web_eventosmeta  | Deleting 'admin/js/vendor/select2/i18n/it.js'"
"2026-07-08 12:59:34","web_eventosmeta  | Deleting 'admin/js/vendor/select2/i18n/ja.js'"
"2026-07-08 12:59:34","web_eventosmeta  | Deleting 'admin/js/vendor/select2/i18n/ka.js'"
"2026-07-08 12:59:34","web_eventosmeta  | Deleting 'admin/js/vendor/select2/i18n/km.js'"
"2026-07-08 12:59:34","web_eventosmeta  | Deleting 'admin/js/vendor/select2/i18n/ko.js'"
"2026-07-08 12:59:34","web_eventosmeta  | Deleting 'admin/js/vendor/select2/i18n/lt.js'"
"2026-07-08 12:59:34","web_eventosmeta  | Deleting 'admin/js/vendor/select2/i18n/lv.js'"
"2026-07-08 12:59:34","web_eventosmeta  | Deleting 'admin/js/vendor/select2/i18n/mk.js'"
"2026-07-08 12:59:34","web_eventosmeta  | Deleting 'admin/js/vendor/select2/i18n/ms.js'"
"2026-07-08 12:59:34","web_eventosmeta  | Deleting 'admin/js/vendor/select2/i18n/nb.js'"
"2026-07-08 12:59:34","web_eventosmeta  | Deleting 'admin/js/vendor/select2/i18n/ne.js'"
"2026-07-08 12:59:34","web_eventosmeta  | Deleting 'admin/js/vendor/select2/i18n/nl.js'"
"2026-07-08 12:59:34","web_eventosmeta  | Deleting 'admin/js/vendor/select2/i18n/pl.js'"
"2026-07-08 12:59:34","web_eventosmeta  | Deleting 'admin/js/vendor/select2/i18n/ps.js'"
"2026-07-08 12:59:34","web_eventosmeta  | Deleting 'admin/js/vendor/select2/i18n/pt-BR.js'"
"2026-07-08 12:59:34","web_eventosmeta  | Deleting 'admin/js/vendor/select2/i18n/pt.js'"
"2026-07-08 12:59:34","web_eventosmeta  | Deleting 'admin/js/vendor/select2/i18n/ro.js'"
"2026-07-08 12:59:34","web_eventosmeta  | Deleting 'admin/js/vendor/select2/i18n/ru.js'"
"2026-07-08 12:59:34","web_eventosmeta  | Deleting 'admin/js/vendor/select2/i18n/sk.js'"
"2026-07-08 12:59:34","web_eventosmeta  | Deleting 'admin/js/vendor/select2/i18n/sl.js'"
"2026-07-08 12:59:34","web_eventosmeta  | Deleting 'admin/js/vendor/select2/i18n/sq.js'"
"2026-07-08 12:59:34","web_eventosmeta  | Deleting 'admin/js/vendor/select2/i18n/sr-Cyrl.js'"
"2026-07-08 12:59:34","web_eventosmeta  | Deleting 'admin/js/vendor/select2/i18n/sr.js'"
"2026-07-08 12:59:34","web_eventosmeta  | Deleting 'admin/js/vendor/select2/i18n/sv.js'"
"2026-07-08 12:59:34","web_eventosmeta  | Deleting 'admin/js/vendor/select2/i18n/th.js'"
"2026-07-08 12:59:34","web_eventosmeta  | Deleting 'admin/js/vendor/select2/i18n/tk.js'"
"2026-07-08 12:59:34","web_eventosmeta  | Deleting 'admin/js/vendor/select2/i18n/tr.js'"
"2026-07-08 12:59:34","web_eventosmeta  | Deleting 'admin/js/vendor/select2/i18n/uk.js'"
"2026-07-08 12:59:34","web_eventosmeta  | Deleting 'admin/js/vendor/select2/i18n/vi.js'"
"2026-07-08 12:59:34","web_eventosmeta  | Deleting 'admin/js/vendor/select2/i18n/zh-CN.js'"
"2026-07-08 12:59:34","web_eventosmeta  | Deleting 'admin/js/vendor/select2/i18n/zh-TW.js'"
"2026-07-08 12:59:34","web_eventosmeta  | Deleting 'admin/js/vendor/xregexp/LICENSE.txt'"
"2026-07-08 12:59:34","web_eventosmeta  | Deleting 'admin/js/vendor/xregexp/xregexp.js'"
"2026-07-08 12:59:34","web_eventosmeta  | Deleting 'admin/js/vendor/xregexp/xregexp.min.js'"
"2026-07-08 12:59:34","web_eventosmeta  | Deleting 'css/style.css'"
"2026-07-08 12:59:34","web_eventosmeta  | Deleting 'django_extensions/css/jquery.autocomplete.css'"
"2026-07-08 12:59:34","web_eventosmeta  | Deleting 'django_extensions/img/indicator.gif'"
"2026-07-08 12:59:34","web_eventosmeta  | Deleting 'django_extensions/js/jquery.ajaxQueue.js'"
"2026-07-08 12:59:34","web_eventosmeta  | Deleting 'django_extensions/js/jquery.autocomplete.js'"
"2026-07-08 12:59:34","web_eventosmeta  | Deleting 'django_extensions/js/jquery.bgiframe.js'"
"2026-07-08 12:59:34","web_eventosmeta  | Deleting 'images/brasao-1024x937.png'"
"2026-07-08 12:59:34","web_eventosmeta  | Deleting 'images/brasao.gif'"
"2026-07-08 12:59:34","web_eventosmeta  | Deleting 'images/bras├úo 2.jpg'"
"2026-07-08 12:59:34","web_eventosmeta  | Deleting 'images/bras├úo-2.png'"
"2026-07-08 12:59:34","web_eventosmeta  | Deleting 'images/Bras├úo-PMS.png'"
"2026-07-08 12:59:34","web_eventosmeta  | Deleting 'images/favicon.png'"
"2026-07-08 12:59:34","web_eventosmeta  | Deleting 'images/logo-pms-header.png'"
"2026-07-08 12:59:34","web_eventosmeta  | Deleting 'images/logo-pms-horizontal-colorido.png'"
"2026-07-08 12:59:34","web_eventosmeta  | Deleting 'images/logo-pms-horizontal-colorido.svg'"
"2026-07-08 12:59:34","web_eventosmeta  | Deleting 'images/metareciclagem.ico'"
"2026-07-08 12:59:34","web_eventosmeta  | Deleting 'images/metareciclagem.jpg'"
"2026-07-08 12:59:34","web_eventosmeta  | Deleting 'images/metareciclagem.png'"
"2026-07-08 12:59:34","web_eventosmeta  | Deleting 'images/metareciclagem.svg'"
"2026-07-08 12:59:34","web_eventosmeta  | Deleting 'interessados/formStyles.css'"
"2026-07-08 12:59:34","web_eventosmeta  | Deleting 'js/cpf-formatter.js'"
"2026-07-08 12:59:34","web_eventosmeta  | Deleting 'js/script.js'"
"2026-07-08 12:59:34","web_eventosmeta  | "
"2026-07-08 12:59:34","web_eventosmeta  | 149 static files copied to '/app/staticfiles_collected'."
"2026-07-08 12:59:34","web_eventosmeta  | Iniciando Gunicorn..."
"2026-07-08 12:59:34","web_eventosmeta  | Performing system checks..."
"2026-07-08 12:59:34","web_eventosmeta  | "
"2026-07-08 12:59:34","web_eventosmeta  | System check identified no issues (0 silenced)."
"2026-07-08 12:59:34","web_eventosmeta  | July 08, 2026 - 11:44:09"
"2026-07-08 12:59:34","web_eventosmeta  | Django version 5.2.4, using settings 'config.settings'"
"2026-07-08 12:59:34","web_eventosmeta  | Starting development server at http://0.0.0.0:8000/"
"2026-07-08 12:59:34","web_eventosmeta  | Quit the server with CONTROL-C."
"2026-07-08 12:59:34","web_eventosmeta  | "
"2026-07-08 12:59:34","web_eventosmeta  | WARNING: This is a development server. Do not use it in a production setting. Use a production WSGI or ASGI server instead."
"2026-07-08 12:59:34","web_eventosmeta  | For more information on production servers see: https://docs.djangoproject.com/en/5.2/howto/deployment/"
"2026-07-08 12:59:34","web_eventosmeta  | [08/Jul/2026 11:44:12] ""GET / HTTP/1.1"" 200 32264"
"2026-07-08 12:59:34","web_eventosmeta  | [08/Jul/2026 11:44:28] ""GET / HTTP/1.1"" 200 32264"
"2026-07-08 12:59:34","web_eventosmeta  | [08/Jul/2026 11:44:43] ""GET / HTTP/1.1"" 200 32264"
"2026-07-08 12:59:34","web_eventosmeta  | [08/Jul/2026 11:44:48] ""GET / HTTP/1.1"" 200 32264"
"2026-07-08 12:59:34","web_eventosmeta  | [08/Jul/2026 11:44:58] ""GET / HTTP/1.1"" 200 32264"
"2026-07-08 12:59:34","web_eventosmeta  | [08/Jul/2026 11:45:14] ""GET / HTTP/1.1"" 200 32264"
"2026-07-08 12:59:34","web_eventosmeta  | [08/Jul/2026 11:45:24] ""GET /eventosmeta/staff/login/ HTTP/1.1"" 302 0"
"2026-07-08 12:59:34","web_eventosmeta  | [08/Jul/2026 11:45:24] ""GET /eventosmeta/admin/ HTTP/1.1"" 500 145"
"2026-07-08 12:59:34","web_eventosmeta  | [08/Jul/2026 11:45:27] ""GET /eventosmeta/admin/ HTTP/1.1"" 500 145"
"2026-07-08 12:59:34","web_eventosmeta  | [08/Jul/2026 11:45:29] ""GET / HTTP/1.1"" 200 32264"
"2026-07-08 12:59:34","web_eventosmeta  | [08/Jul/2026 11:45:35] ""GET / HTTP/1.1"" 200 32264"
"2026-07-08 12:59:34","web_eventosmeta  | [08/Jul/2026 11:45:39] ""GET /eventosmeta/inscricao/login/ HTTP/1.1"" 200 10848"
"2026-07-08 12:59:34","web_eventosmeta  | [08/Jul/2026 11:45:42] ""GET / HTTP/1.1"" 200 32264"
"2026-07-08 12:59:34","web_eventosmeta  | [08/Jul/2026 11:45:44] ""GET / HTTP/1.1"" 200 32264"
"2026-07-08 12:59:34","web_eventosmeta  | [08/Jul/2026 11:45:44] ""GET / HTTP/1.1"" 200 32264"
"2026-07-08 12:59:34","web_eventosmeta  | [08/Jul/2026 11:45:45] ""GET /eventosmeta/staff/login/ HTTP/1.1"" 302 0"
"2026-07-08 12:59:34","web_eventosmeta  | [08/Jul/2026 11:45:45] ""GET /eventosmeta/admin/ HTTP/1.1"" 500 145"
"2026-07-08 12:59:34","web_eventosmeta  | [08/Jul/2026 11:46:00] ""GET / HTTP/1.1"" 200 32264"
"2026-07-08 12:59:34","web_eventosmeta  | [08/Jul/2026 11:46:15] ""GET / HTTP/1.1"" 200 32264"
"2026-07-08 12:59:34","web_eventosmeta  | [08/Jul/2026 11:46:30] ""GET / HTTP/1.1"" 200 32264"
"2026-07-08 12:59:34","web_eventosmeta  | [08/Jul/2026 11:46:42] ""GET / HTTP/1.1"" 200 32264"
"2026-07-08 12:59:34","web_eventosmeta  | [08/Jul/2026 11:46:46] ""GET /eventosmeta/inscricao/login/ HTTP/1.1"" 200 10848"
"2026-07-08 12:59:34","web_eventosmeta  | [08/Jul/2026 11:46:46] ""GET / HTTP/1.1"" 200 32264"
"2026-07-08 12:59:34","web_eventosmeta  | [08/Jul/2026 11:46:51] ""GET / HTTP/1.1"" 200 32264"
"2026-07-08 12:59:34","web_eventosmeta  | [08/Jul/2026 11:46:52] ""GET /eventosmeta/staff/login/ HTTP/1.1"" 302 0"
"2026-07-08 12:59:34","web_eventosmeta  | [08/Jul/2026 11:46:52] ""GET /eventosmeta/admin/ HTTP/1.1"" 500 145"
"2026-07-08 12:59:34","web_eventosmeta  | [08/Jul/2026 11:47:01] ""GET / HTTP/1.1"" 200 32264"
"2026-07-08 12:59:34","web_eventosmeta  | [08/Jul/2026 11:47:16] ""GET / HTTP/1.1"" 200 32264"
"2026-07-08 12:59:34","web_eventosmeta  | [08/Jul/2026 11:47:32] ""GET / HTTP/1.1"" 200 32264"
"2026-07-08 12:59:34","web_eventosmeta  | [08/Jul/2026 11:47:47] ""GET / HTTP/1.1"" 200 32264"
"2026-07-08 12:59:34","web_eventosmeta  | [08/Jul/2026 11:48:02] ""GET / HTTP/1.1"" 200 32264"
"2026-07-08 12:59:34","web_eventosmeta  | [08/Jul/2026 11:48:18] ""GET / HTTP/1.1"" 200 32264"
"2026-07-08 12:59:34","web_eventosmeta  | [08/Jul/2026 11:48:33] ""GET / HTTP/1.1"" 200 32264"
"2026-07-08 12:59:34","web_eventosmeta  | [08/Jul/2026 11:48:48] ""GET / HTTP/1.1"" 200 32264"
"2026-07-08 12:59:34","web_eventosmeta  | [08/Jul/2026 11:49:04] ""GET / HTTP/1.1"" 200 32264"
"2026-07-08 12:59:34","web_eventosmeta  | [08/Jul/2026 11:49:19] ""GET / HTTP/1.1"" 200 32264"
"2026-07-08 12:59:34","web_eventosmeta  | [08/Jul/2026 11:49:34] ""GET / HTTP/1.1"" 200 32264"
"2026-07-08 12:59:34","web_eventosmeta  | [08/Jul/2026 11:49:50] ""GET / HTTP/1.1"" 200 32264"
"2026-07-08 12:59:34","web_eventosmeta  | [08/Jul/2026 11:50:05] ""GET / HTTP/1.1"" 200 32264"
"2026-07-08 12:59:34","web_eventosmeta  | [08/Jul/2026 11:50:20] ""GET / HTTP/1.1"" 200 32264"
"2026-07-08 12:59:34","web_eventosmeta  | [08/Jul/2026 11:50:36] ""GET / HTTP/1.1"" 200 32264"
"2026-07-08 12:59:34","web_eventosmeta  | [08/Jul/2026 11:50:51] ""GET / HTTP/1.1"" 200 32264"
"2026-07-08 12:59:34","web_eventosmeta  | [08/Jul/2026 11:51:06] ""GET / HTTP/1.1"" 200 32264"
"2026-07-08 12:59:34","web_eventosmeta  | [08/Jul/2026 11:51:22] ""GET / HTTP/1.1"" 200 32264"
"2026-07-08 12:59:34","web_eventosmeta  | [08/Jul/2026 11:51:37] ""GET / HTTP/1.1"" 200 32264"
"2026-07-08 12:59:34","web_eventosmeta  | [08/Jul/2026 11:51:52] ""GET / HTTP/1.1"" 200 32264"
"2026-07-08 12:59:34","web_eventosmeta  | [08/Jul/2026 11:52:08] ""GET / HTTP/1.1"" 200 32264"
"2026-07-08 12:59:34","web_eventosmeta  | [08/Jul/2026 11:52:23] ""GET / HTTP/1.1"" 200 32264"
"2026-07-08 12:59:34","web_eventosmeta  | [08/Jul/2026 11:52:38] ""GET / HTTP/1.1"" 200 32264"
"2026-07-08 12:59:34","web_eventosmeta  | [08/Jul/2026 11:52:53] ""GET / HTTP/1.1"" 200 32264"
"2026-07-08 12:59:34","web_eventosmeta  | [08/Jul/2026 11:53:07] ""GET /eventosmeta/admin/ HTTP/1.1"" 500 145"
"2026-07-08 12:59:34","web_eventosmeta  | [08/Jul/2026 11:53:09] ""GET / HTTP/1.1"" 200 32264"
"2026-07-08 12:59:34","web_eventosmeta  | [08/Jul/2026 11:53:24] ""GET / HTTP/1.1"" 200 32264"
"2026-07-08 12:59:34","web_eventosmeta  | [08/Jul/2026 11:53:40] ""GET / HTTP/1.1"" 200 32264"
"2026-07-08 12:59:34","web_eventosmeta  | [08/Jul/2026 11:53:55] ""GET / HTTP/1.1"" 200 32264"
"2026-07-08 12:59:34","web_eventosmeta  | [08/Jul/2026 11:54:10] ""GET / HTTP/1.1"" 200 32264"
"2026-07-08 12:59:34","web_eventosmeta  | [08/Jul/2026 11:54:26] ""GET / HTTP/1.1"" 200 32264"
"2026-07-08 12:59:34","web_eventosmeta  | [08/Jul/2026 11:54:41] ""GET / HTTP/1.1"" 200 32264"
"2026-07-08 12:59:34","web_eventosmeta  | [08/Jul/2026 11:54:56] ""GET / HTTP/1.1"" 200 32264"
"2026-07-08 12:59:34","web_eventosmeta  | [08/Jul/2026 11:55:12] ""GET / HTTP/1.1"" 200 32264"
"2026-07-08 12:59:34","web_eventosmeta  | [08/Jul/2026 11:55:27] ""GET / HTTP/1.1"" 200 32264"
"2026-07-08 12:59:34","web_eventosmeta  | [08/Jul/2026 11:55:42] ""GET / HTTP/1.1"" 200 32264"
"2026-07-08 12:59:34","web_eventosmeta  | [08/Jul/2026 11:55:47] ""GET /eventosmeta/admin/ HTTP/1.1"" 500 145"
"2026-07-08 12:59:34","web_eventosmeta  | [08/Jul/2026 11:55:57] ""GET / HTTP/1.1"" 200 32264"
"2026-07-08 12:59:34","web_eventosmeta  | [08/Jul/2026 11:55:58] ""GET / HTTP/1.1"" 200 32264"
"2026-07-08 12:59:34","web_eventosmeta  | [08/Jul/2026 11:56:01] ""GET /eventosmeta/staff/login/ HTTP/1.1"" 302 0"
"2026-07-08 12:59:34","web_eventosmeta  | [08/Jul/2026 11:56:01] ""GET /eventosmeta/admin/ HTTP/1.1"" 500 145"
"2026-07-08 12:59:34","web_eventosmeta  | [08/Jul/2026 11:56:13] ""GET / HTTP/1.1"" 200 32264"
"2026-07-08 12:59:34","web_eventosmeta  | [08/Jul/2026 11:56:28] ""GET / HTTP/1.1"" 200 32264"
"2026-07-08 12:59:34","web_eventosmeta  | [08/Jul/2026 11:56:44] ""GET / HTTP/1.1"" 200 32264"
"2026-07-08 12:59:34","web_eventosmeta  | [08/Jul/2026 11:56:59] ""GET / HTTP/1.1"" 200 32264"
"2026-07-08 12:59:34","web_eventosmeta  | [08/Jul/2026 11:57:14] ""GET / HTTP/1.1"" 200 32264"
"2026-07-08 12:59:34","web_eventosmeta  | [08/Jul/2026 11:57:29] ""GET / HTTP/1.1"" 200 32264"
"2026-07-08 12:59:34","web_eventosmeta  | [08/Jul/2026 11:57:45] ""GET / HTTP/1.1"" 200 32264"
"2026-07-08 12:59:34","web_eventosmeta  | [08/Jul/2026 11:58:00] ""GET / HTTP/1.1"" 200 32264"
"2026-07-08 12:59:34","web_eventosmeta  | [08/Jul/2026 11:58:15] ""GET / HTTP/1.1"" 200 32264"
"2026-07-08 12:59:34","web_eventosmeta  | [08/Jul/2026 11:58:31] ""GET / HTTP/1.1"" 200 32264"
"2026-07-08 12:59:34","web_eventosmeta  | [08/Jul/2026 11:58:46] ""GET / HTTP/1.1"" 200 32264"
"2026-07-08 12:59:34","web_eventosmeta  | [08/Jul/2026 11:59:01] ""GET / HTTP/1.1"" 200 32264"
"2026-07-08 12:59:34","web_eventosmeta  | [08/Jul/2026 11:59:17] ""GET / HTTP/1.1"" 200 32264"
"2026-07-08 12:59:34","web_eventosmeta  | [08/Jul/2026 11:59:32] ""GET / HTTP/1.1"" 200 32264"
"2026-07-08 12:59:34","web_eventosmeta  | [08/Jul/2026 11:59:48] ""GET / HTTP/1.1"" 200 32264"
"2026-07-08 12:59:34","web_eventosmeta  | [08/Jul/2026 12:00:03] ""GET / HTTP/1.1"" 200 32264"
"2026-07-08 12:59:34","web_eventosmeta  | [08/Jul/2026 12:00:18] ""GET / HTTP/1.1"" 200 32264"
"2026-07-08 12:59:34","web_eventosmeta  | [08/Jul/2026 12:00:34] ""GET / HTTP/1.1"" 200 32264"
"2026-07-08 12:59:34","web_eventosmeta  | [08/Jul/2026 12:00:49] ""GET / HTTP/1.1"" 200 32264"
"2026-07-08 12:59:34","web_eventosmeta  | [08/Jul/2026 12:01:04] ""GET / HTTP/1.1"" 200 32264"
"2026-07-08 12:59:34","web_eventosmeta  | [08/Jul/2026 12:01:20] ""GET / HTTP/1.1"" 200 32264"
"2026-07-08 12:59:34","web_eventosmeta  | [08/Jul/2026 12:01:35] ""GET / HTTP/1.1"" 200 32264"
"2026-07-08 12:59:34","web_eventosmeta  | [08/Jul/2026 12:01:50] ""GET / HTTP/1.1"" 200 32264"
"2026-07-08 12:59:34","web_eventosmeta  | [08/Jul/2026 12:02:06] ""GET / HTTP/1.1"" 200 32264"
"2026-07-08 12:59:34","web_eventosmeta  | [08/Jul/2026 12:02:21] ""GET / HTTP/1.1"" 200 32264"
"2026-07-08 12:59:34","web_eventosmeta  | [08/Jul/2026 12:02:36] ""GET / HTTP/1.1"" 200 32264"
"2026-07-08 12:59:34","web_eventosmeta  | [08/Jul/2026 12:02:52] ""GET / HTTP/1.1"" 200 32264"
"2026-07-08 12:59:34","web_eventosmeta  | [08/Jul/2026 12:03:07] ""GET / HTTP/1.1"" 200 32264"
"2026-07-08 12:59:34","web_eventosmeta  | [08/Jul/2026 12:03:22] ""GET / HTTP/1.1"" 200 32264"
"2026-07-08 12:59:34","web_eventosmeta  | [08/Jul/2026 12:03:38] ""GET / HTTP/1.1"" 200 32264"
"2026-07-08 12:59:34","web_eventosmeta  | [08/Jul/2026 12:03:53] ""GET / HTTP/1.1"" 200 32264"
"2026-07-08 12:59:34","web_eventosmeta  | [08/Jul/2026 12:04:08] ""GET / HTTP/1.1"" 200 32264"
"2026-07-08 12:59:34","web_eventosmeta  | [08/Jul/2026 12:04:24] ""GET / HTTP/1.1"" 200 32264"
"2026-07-08 12:59:34","web_eventosmeta  | [08/Jul/2026 12:04:39] ""GET / HTTP/1.1"" 200 32264"
"2026-07-08 12:59:34","web_eventosmeta  | [08/Jul/2026 12:04:54] ""GET / HTTP/1.1"" 200 32264"
"2026-07-08 12:59:34","web_eventosmeta  | [08/Jul/2026 12:05:10] ""GET / HTTP/1.1"" 200 32264"
"2026-07-08 12:59:34","web_eventosmeta  | [08/Jul/2026 12:05:25] ""GET / HTTP/1.1"" 200 32264"
"2026-07-08 12:59:34","web_eventosmeta  | [08/Jul/2026 12:05:40] ""GET / HTTP/1.1"" 200 32264"
"2026-07-08 12:59:34","web_eventosmeta  | [08/Jul/2026 12:05:56] ""GET / HTTP/1.1"" 200 32264"
"2026-07-08 12:59:34","web_eventosmeta  | [08/Jul/2026 12:06:11] ""GET / HTTP/1.1"" 200 32264"
"2026-07-08 12:59:34","web_eventosmeta  | [08/Jul/2026 12:06:26] ""GET / HTTP/1.1"" 200 32264"
"2026-07-08 12:59:34","web_eventosmeta  | [08/Jul/2026 12:06:42] ""GET / HTTP/1.1"" 200 32264"
"2026-07-08 12:59:34","web_eventosmeta  | [08/Jul/2026 12:06:57] ""GET / HTTP/1.1"" 200 32264"
"2026-07-08 12:59:34","web_eventosmeta  | [08/Jul/2026 12:07:12] ""GET / HTTP/1.1"" 200 32264"
"2026-07-08 12:59:34","web_eventosmeta  | [08/Jul/2026 12:07:28] ""GET / HTTP/1.1"" 200 32264"
"2026-07-08 12:59:34","web_eventosmeta  | [08/Jul/2026 12:07:43] ""GET / HTTP/1.1"" 200 32264"
"2026-07-08 12:59:34","web_eventosmeta  | [08/Jul/2026 12:07:58] ""GET / HTTP/1.1"" 200 32264"
"2026-07-08 12:59:34","web_eventosmeta  | [08/Jul/2026 12:08:14] ""GET / HTTP/1.1"" 200 32264"
"2026-07-08 12:59:34","web_eventosmeta  | [08/Jul/2026 12:08:29] ""GET / HTTP/1.1"" 200 32264"
"2026-07-08 12:59:34","web_eventosmeta  | [08/Jul/2026 12:08:44] ""GET / HTTP/1.1"" 200 32264"
"2026-07-08 12:59:34","web_eventosmeta  | [08/Jul/2026 12:09:00] ""GET / HTTP/1.1"" 200 32264"
"2026-07-08 12:59:34","web_eventosmeta  | [08/Jul/2026 12:09:15] ""GET / HTTP/1.1"" 200 32264"
"2026-07-08 12:59:34","web_eventosmeta  | [08/Jul/2026 12:09:30] ""GET / HTTP/1.1"" 200 32264"
"2026-07-08 12:59:34","web_eventosmeta  | [08/Jul/2026 12:09:46] ""GET / HTTP/1.1"" 200 32264"
"2026-07-08 12:59:34","web_eventosmeta  | [08/Jul/2026 12:10:01] ""GET / HTTP/1.1"" 200 32264"
"2026-07-08 12:59:34","web_eventosmeta  | [08/Jul/2026 12:10:16] ""GET / HTTP/1.1"" 200 32264"
"2026-07-08 12:59:34","web_eventosmeta  | [08/Jul/2026 12:10:32] ""GET / HTTP/1.1"" 200 32264"
"2026-07-08 12:59:34","web_eventosmeta  | [08/Jul/2026 12:10:47] ""GET / HTTP/1.1"" 200 32264"
"2026-07-08 12:59:34","web_eventosmeta  | [08/Jul/2026 12:11:02] ""GET / HTTP/1.1"" 200 32264"
"2026-07-08 12:59:34","web_eventosmeta  | [08/Jul/2026 12:11:18] ""GET / HTTP/1.1"" 200 32264"
"2026-07-08 12:59:34","web_eventosmeta  | [08/Jul/2026 12:11:33] ""GET / HTTP/1.1"" 200 32264"
"2026-07-08 12:59:34","web_eventosmeta  | [08/Jul/2026 12:11:48] ""GET / HTTP/1.1"" 200 32264"
"2026-07-08 12:59:34","web_eventosmeta  | [08/Jul/2026 12:12:04] ""GET / HTTP/1.1"" 200 32264"
"2026-07-08 12:59:34","web_eventosmeta  | [08/Jul/2026 12:12:19] ""GET / HTTP/1.1"" 200 32264"
"2026-07-08 12:59:34","web_eventosmeta  | [08/Jul/2026 12:12:34] ""GET / HTTP/1.1"" 200 32264"
"2026-07-08 12:59:34","web_eventosmeta  | [08/Jul/2026 12:12:50] ""GET / HTTP/1.1"" 200 32264"
"2026-07-08 12:59:34","web_eventosmeta  | [08/Jul/2026 12:13:05] ""GET / HTTP/1.1"" 200 32264"
"2026-07-08 12:59:34","web_eventosmeta  | [08/Jul/2026 12:13:20] ""GET / HTTP/1.1"" 200 32264"
"2026-07-08 12:59:34","web_eventosmeta  | [08/Jul/2026 12:13:36] ""GET / HTTP/1.1"" 200 32264"
"2026-07-08 12:59:34","web_eventosmeta  | [08/Jul/2026 12:13:51] ""GET / HTTP/1.1"" 200 32264"
"2026-07-08 12:59:34","web_eventosmeta  | [08/Jul/2026 12:14:06] ""GET / HTTP/1.1"" 200 32264"
"2026-07-08 12:59:34","web_eventosmeta  | [08/Jul/2026 12:14:22] ""GET / HTTP/1.1"" 200 32264"
"2026-07-08 12:59:34","web_eventosmeta  | [08/Jul/2026 12:14:37] ""GET / HTTP/1.1"" 200 32264"
"2026-07-08 12:59:34","web_eventosmeta  | [08/Jul/2026 12:14:52] ""GET / HTTP/1.1"" 200 32264"
"2026-07-08 12:59:34","web_eventosmeta  | [08/Jul/2026 12:15:08] ""GET / HTTP/1.1"" 200 32264"
"2026-07-08 12:59:34","web_eventosmeta  | [08/Jul/2026 12:15:23] ""GET / HTTP/1.1"" 200 32264"
"2026-07-08 12:59:34","web_eventosmeta  | [08/Jul/2026 12:15:38] ""GET / HTTP/1.1"" 200 32264"
"2026-07-08 12:59:34","web_eventosmeta  | [08/Jul/2026 12:15:54] ""GET / HTTP/1.1"" 200 32264"
"2026-07-08 12:59:34","web_eventosmeta  | [08/Jul/2026 12:16:09] ""GET / HTTP/1.1"" 200 32264"
"2026-07-08 12:59:34","web_eventosmeta  | [08/Jul/2026 12:16:24] ""GET / HTTP/1.1"" 200 32264"
"2026-07-08 12:59:34","web_eventosmeta  | [08/Jul/2026 12:16:40] ""GET / HTTP/1.1"" 200 32264"
"2026-07-08 12:59:34","web_eventosmeta  | [08/Jul/2026 12:16:55] ""GET / HTTP/1.1"" 200 32264"
"2026-07-08 12:59:34","web_eventosmeta  | [08/Jul/2026 12:17:10] ""GET / HTTP/1.1"" 200 32264"
"2026-07-08 12:59:34","web_eventosmeta  | [08/Jul/2026 12:17:26] ""GET / HTTP/1.1"" 200 32264"
"2026-07-08 12:59:34","web_eventosmeta  | [08/Jul/2026 12:17:41] ""GET / HTTP/1.1"" 200 32264"
"2026-07-08 12:59:34","web_eventosmeta  | [08/Jul/2026 12:17:56] ""GET / HTTP/1.1"" 200 32264"
"2026-07-08 12:59:34","web_eventosmeta  | [08/Jul/2026 12:18:12] ""GET / HTTP/1.1"" 200 32264"
"2026-07-08 12:59:34","web_eventosmeta  | [08/Jul/2026 12:18:27] ""GET / HTTP/1.1"" 200 32264"
"2026-07-08 12:59:34","web_eventosmeta  | [08/Jul/2026 12:18:42] ""GET / HTTP/1.1"" 200 32264"
"2026-07-08 12:59:34","web_eventosmeta  | [08/Jul/2026 12:18:58] ""GET / HTTP/1.1"" 200 32264"
"2026-07-08 12:59:34","web_eventosmeta  | [08/Jul/2026 12:19:13] ""GET / HTTP/1.1"" 200 32264"
"2026-07-08 12:59:34","web_eventosmeta  | [08/Jul/2026 12:19:28] ""GET / HTTP/1.1"" 200 32264"
"2026-07-08 12:59:34","web_eventosmeta  | [08/Jul/2026 12:19:44] ""GET / HTTP/1.1"" 200 32264"
"2026-07-08 12:59:34","web_eventosmeta  | [08/Jul/2026 12:19:59] ""GET / HTTP/1.1"" 200 32264"
"2026-07-08 12:59:34","web_eventosmeta  | [08/Jul/2026 12:20:14] ""GET / HTTP/1.1"" 200 32264"
"2026-07-08 12:59:34","web_eventosmeta  | [08/Jul/2026 12:20:30] ""GET / HTTP/1.1"" 200 32264"
"2026-07-08 12:59:34","web_eventosmeta  | [08/Jul/2026 12:20:45] ""GET / HTTP/1.1"" 200 32264"
"2026-07-08 12:59:34","web_eventosmeta  | [08/Jul/2026 12:21:00] ""GET / HTTP/1.1"" 200 32264"
"2026-07-08 12:59:34","web_eventosmeta  | [08/Jul/2026 12:21:15] ""GET / HTTP/1.1"" 200 32264"
"2026-07-08 12:59:34","web_eventosmeta  | [08/Jul/2026 12:21:31] ""GET / HTTP/1.1"" 200 32264"
"2026-07-08 12:59:34","web_eventosmeta  | [08/Jul/2026 12:21:46] ""GET / HTTP/1.1"" 200 32264"
"2026-07-08 12:59:34","web_eventosmeta  | [08/Jul/2026 12:22:01] ""GET / HTTP/1.1"" 200 32264"
"2026-07-08 12:59:34","web_eventosmeta  | [08/Jul/2026 12:22:17] ""GET / HTTP/1.1"" 200 32264"
"2026-07-08 12:59:34","web_eventosmeta  | [08/Jul/2026 12:22:32] ""GET / HTTP/1.1"" 200 32264"
"2026-07-08 12:59:34","web_eventosmeta  | [08/Jul/2026 12:22:47] ""GET / HTTP/1.1"" 200 32264"
"2026-07-08 12:59:34","web_eventosmeta  | [08/Jul/2026 12:23:03] ""GET / HTTP/1.1"" 200 32264"
"2026-07-08 12:59:34","web_eventosmeta  | [08/Jul/2026 12:23:18] ""GET / HTTP/1.1"" 200 32264"
"2026-07-08 12:59:34","web_eventosmeta  | [08/Jul/2026 12:23:33] ""GET / HTTP/1.1"" 200 32264"
"2026-07-08 12:59:34","web_eventosmeta  | [08/Jul/2026 12:23:49] ""GET / HTTP/1.1"" 200 32264"
"2026-07-08 12:59:34","web_eventosmeta  | [08/Jul/2026 12:24:04] ""GET / HTTP/1.1"" 200 32264"
"2026-07-08 12:59:34","web_eventosmeta  | [08/Jul/2026 12:24:19] ""GET / HTTP/1.1"" 200 32264"
"2026-07-08 12:59:34","web_eventosmeta  | [08/Jul/2026 12:24:35] ""GET / HTTP/1.1"" 200 32264"
"2026-07-08 12:59:34","web_eventosmeta  | [08/Jul/2026 12:24:50] ""GET / HTTP/1.1"" 200 32264"
"2026-07-08 12:59:34","web_eventosmeta  | [08/Jul/2026 12:25:05] ""GET / HTTP/1.1"" 200 32264"
"2026-07-08 12:59:34","web_eventosmeta  | [08/Jul/2026 12:25:21] ""GET / HTTP/1.1"" 200 32264"
"2026-07-08 12:59:34","web_eventosmeta  | [08/Jul/2026 12:25:36] ""GET / HTTP/1.1"" 200 32264"
"2026-07-08 12:59:34","web_eventosmeta  | [08/Jul/2026 12:25:51] ""GET / HTTP/1.1"" 200 32264"
"2026-07-08 12:59:34","web_eventosmeta  | [08/Jul/2026 12:26:07] ""GET / HTTP/1.1"" 200 32264"
"2026-07-08 12:59:34","web_eventosmeta  | [08/Jul/2026 12:26:22] ""GET / HTTP/1.1"" 200 32264"
"2026-07-08 12:59:34","web_eventosmeta  | [08/Jul/2026 12:26:37] ""GET / HTTP/1.1"" 200 32264"
"2026-07-08 12:59:34","web_eventosmeta  | [08/Jul/2026 12:26:53] ""GET / HTTP/1.1"" 200 32264"
"2026-07-08 12:59:34","web_eventosmeta  | [08/Jul/2026 12:27:08] ""GET / HTTP/1.1"" 200 32264"
"2026-07-08 12:59:34","web_eventosmeta  | [08/Jul/2026 12:27:23] ""GET / HTTP/1.1"" 200 32264"
"2026-07-08 12:59:34","web_eventosmeta  | [08/Jul/2026 12:27:39] ""GET / HTTP/1.1"" 200 32264"
"2026-07-08 12:59:34","web_eventosmeta  | [08/Jul/2026 12:27:54] ""GET / HTTP/1.1"" 200 32264"
"2026-07-08 12:59:34","web_eventosmeta  | [08/Jul/2026 12:28:09] ""GET / HTTP/1.1"" 200 32264"
"2026-07-08 12:59:34","web_eventosmeta  | [08/Jul/2026 12:28:25] ""GET / HTTP/1.1"" 200 32264"
"2026-07-08 12:59:34","web_eventosmeta  | [08/Jul/2026 12:28:40] ""GET / HTTP/1.1"" 200 32264"
"2026-07-08 12:59:34","web_eventosmeta  | [08/Jul/2026 12:28:56] ""GET / HTTP/1.1"" 200 32264"
"2026-07-08 12:59:34","web_eventosmeta  | [08/Jul/2026 12:29:11] ""GET / HTTP/1.1"" 200 32264"
"2026-07-08 12:59:34","web_eventosmeta  | [08/Jul/2026 12:29:26] ""GET / HTTP/1.1"" 200 32264"
"2026-07-08 12:59:34","web_eventosmeta  | [08/Jul/2026 12:29:42] ""GET / HTTP/1.1"" 200 32264"
"2026-07-08 12:59:34","web_eventosmeta  | [08/Jul/2026 12:29:57] ""GET / HTTP/1.1"" 200 32264"
"2026-07-08 12:59:34","web_eventosmeta  | [08/Jul/2026 12:30:12] ""GET / HTTP/1.1"" 200 32264"
"2026-07-08 12:59:34","web_eventosmeta  | [08/Jul/2026 12:30:28] ""GET / HTTP/1.1"" 200 32264"
"2026-07-08 12:59:34","web_eventosmeta  | [08/Jul/2026 12:30:43] ""GET / HTTP/1.1"" 200 32264"
"2026-07-08 12:59:34","web_eventosmeta  | [08/Jul/2026 12:30:58] ""GET / HTTP/1.1"" 200 32264"
"2026-07-08 12:59:34","web_eventosmeta  | [08/Jul/2026 12:31:14] ""GET / HTTP/1.1"" 200 32264"
"2026-07-08 12:59:34","web_eventosmeta  | [08/Jul/2026 12:31:29] ""GET / HTTP/1.1"" 200 32264"
"2026-07-08 12:59:34","web_eventosmeta  | [08/Jul/2026 12:31:44] ""GET / HTTP/1.1"" 200 32264"
"2026-07-08 12:59:34","web_eventosmeta  | [08/Jul/2026 12:32:00] ""GET / HTTP/1.1"" 200 32264"
"2026-07-08 12:59:34","web_eventosmeta  | [08/Jul/2026 12:32:15] ""GET / HTTP/1.1"" 200 32264"
"2026-07-08 12:59:34","web_eventosmeta  | [08/Jul/2026 12:32:30] ""GET / HTTP/1.1"" 200 32264"
"2026-07-08 12:59:34","web_eventosmeta  | [08/Jul/2026 12:32:46] ""GET / HTTP/1.1"" 200 32264"
"2026-07-08 12:59:34","web_eventosmeta  | [08/Jul/2026 12:33:01] ""GET / HTTP/1.1"" 200 32264"
"2026-07-08 12:59:34","web_eventosmeta  | [08/Jul/2026 12:33:16] ""GET / HTTP/1.1"" 200 32264"
"2026-07-08 12:59:34","web_eventosmeta  | [08/Jul/2026 12:33:32] ""GET / HTTP/1.1"" 200 32264"
"2026-07-08 12:59:34","web_eventosmeta  | [08/Jul/2026 12:33:47] ""GET / HTTP/1.1"" 200 32264"
"2026-07-08 12:59:34","web_eventosmeta  | [08/Jul/2026 12:34:02] ""GET / HTTP/1.1"" 200 32264"
"2026-07-08 12:59:34","web_eventosmeta  | [08/Jul/2026 12:34:18] ""GET / HTTP/1.1"" 200 32264"
"2026-07-08 12:59:34","web_eventosmeta  | [08/Jul/2026 12:34:33] ""GET / HTTP/1.1"" 200 32264"
"2026-07-08 12:59:34","web_eventosmeta  | [08/Jul/2026 12:34:48] ""GET / HTTP/1.1"" 200 32264"
"2026-07-08 12:59:34","web_eventosmeta  | [08/Jul/2026 12:35:04] ""GET / HTTP/1.1"" 200 32264"
"2026-07-08 12:59:34","web_eventosmeta  | [08/Jul/2026 12:35:19] ""GET / HTTP/1.1"" 200 32264"
"2026-07-08 12:59:34","web_eventosmeta  | [08/Jul/2026 12:35:35] ""GET / HTTP/1.1"" 200 32264"
"2026-07-08 12:59:34","web_eventosmeta  | [08/Jul/2026 12:35:50] ""GET / HTTP/1.1"" 200 32264"
"2026-07-08 12:59:34","web_eventosmeta  | [08/Jul/2026 12:36:05] ""GET / HTTP/1.1"" 200 32264"
"2026-07-08 12:59:34","web_eventosmeta  | [08/Jul/2026 12:36:21] ""GET / HTTP/1.1"" 200 32264"
"2026-07-08 12:59:34","web_eventosmeta  | [08/Jul/2026 12:36:36] ""GET / HTTP/1.1"" 200 32264"
"2026-07-08 12:59:34","web_eventosmeta  | [08/Jul/2026 12:36:51] ""GET / HTTP/1.1"" 200 32264"
"2026-07-08 12:59:34","web_eventosmeta  | [08/Jul/2026 12:37:07] ""GET / HTTP/1.1"" 200 32264"
"2026-07-08 12:59:34","web_eventosmeta  | [08/Jul/2026 12:37:22] ""GET / HTTP/1.1"" 200 32264"
"2026-07-08 12:59:34","web_eventosmeta  | [08/Jul/2026 12:37:37] ""GET / HTTP/1.1"" 200 32264"
"2026-07-08 12:59:34","web_eventosmeta  | [08/Jul/2026 12:37:53] ""GET / HTTP/1.1"" 200 32264"
"2026-07-08 12:59:34","web_eventosmeta  | [08/Jul/2026 12:38:08] ""GET / HTTP/1.1"" 200 32264"
"2026-07-08 12:59:34","web_eventosmeta  | [08/Jul/2026 12:38:24] ""GET / HTTP/1.1"" 200 32264"
"2026-07-08 12:59:34","web_eventosmeta  | [08/Jul/2026 12:38:39] ""GET / HTTP/1.1"" 200 32264"
"2026-07-08 12:59:34","web_eventosmeta  | [08/Jul/2026 12:38:55] ""GET / HTTP/1.1"" 200 32264"
"2026-07-08 12:59:34","web_eventosmeta  | [08/Jul/2026 12:39:10] ""GET / HTTP/1.1"" 200 32264"
"2026-07-08 12:59:34","web_eventosmeta  | [08/Jul/2026 12:39:25] ""GET / HTTP/1.1"" 200 32264"
"2026-07-08 12:59:34","web_eventosmeta  | [08/Jul/2026 12:39:41] ""GET / HTTP/1.1"" 200 32264"
"2026-07-08 12:59:34","web_eventosmeta  | [08/Jul/2026 12:39:56] ""GET / HTTP/1.1"" 200 32264"
"2026-07-08 12:59:34","web_eventosmeta  | [08/Jul/2026 12:40:11] ""GET / HTTP/1.1"" 200 32264"
"2026-07-08 12:59:34","web_eventosmeta  | [08/Jul/2026 12:40:26] ""GET / HTTP/1.1"" 200 32264"
"2026-07-08 12:59:34","web_eventosmeta  | [08/Jul/2026 12:40:42] ""GET / HTTP/1.1"" 200 32264"
"2026-07-08 12:59:34","web_eventosmeta  | [08/Jul/2026 12:40:57] ""GET / HTTP/1.1"" 200 32264"
"2026-07-08 12:59:34","web_eventosmeta  | [08/Jul/2026 12:41:13] ""GET / HTTP/1.1"" 200 32264"
"2026-07-08 12:59:34","web_eventosmeta  | [08/Jul/2026 12:41:24] ""GET /eventosmeta/admin/ HTTP/1.1"" 500 145"
"2026-07-08 12:59:34","web_eventosmeta  | [08/Jul/2026 12:41:28] ""GET / HTTP/1.1"" 200 32264"
"2026-07-08 12:59:34","web_eventosmeta  | [08/Jul/2026 12:41:43] ""GET / HTTP/1.1"" 200 32264"
"2026-07-08 12:59:34","web_eventosmeta  | [08/Jul/2026 12:41:59] ""GET / HTTP/1.1"" 200 32264"
"2026-07-08 12:59:34","web_eventosmeta  | [08/Jul/2026 12:42:14] ""GET / HTTP/1.1"" 200 32264"
"2026-07-08 12:59:34","web_eventosmeta  | [08/Jul/2026 12:42:29] ""GET / HTTP/1.1"" 200 32264"
"2026-07-08 12:59:34","web_eventosmeta  | [08/Jul/2026 12:42:41] ""GET /eventosmeta/admin/ HTTP/1.1"" 500 145"
"2026-07-08 12:59:34","web_eventosmeta  | [08/Jul/2026 12:42:45] ""GET / HTTP/1.1"" 200 32264"
"2026-07-08 12:59:34","web_eventosmeta  | [08/Jul/2026 12:43:00] ""GET / HTTP/1.1"" 200 32264"
"2026-07-08 12:59:34","web_eventosmeta  | [08/Jul/2026 12:43:15] ""GET / HTTP/1.1"" 200 32264"
"2026-07-08 12:59:34","web_eventosmeta  | [08/Jul/2026 12:43:31] ""GET / HTTP/1.1"" 200 32264"
"2026-07-08 12:59:34","web_eventosmeta  | [08/Jul/2026 12:43:46] ""GET / HTTP/1.1"" 200 32264"
"2026-07-08 12:59:34","web_eventosmeta  | [08/Jul/2026 12:44:01] ""GET / HTTP/1.1"" 200 32264"
"2026-07-08 12:59:34","web_eventosmeta  | [08/Jul/2026 12:44:17] ""GET / HTTP/1.1"" 200 32264"
"2026-07-08 12:59:34","web_eventosmeta  | [08/Jul/2026 12:44:32] ""GET / HTTP/1.1"" 200 32264"
"2026-07-08 12:59:34","web_eventosmeta  | [08/Jul/2026 12:44:48] ""GET / HTTP/1.1"" 200 32264"
"2026-07-08 12:59:34","web_eventosmeta  | [08/Jul/2026 12:45:03] ""GET / HTTP/1.1"" 200 32264"
"2026-07-08 12:59:34","web_eventosmeta  | [08/Jul/2026 12:45:18] ""GET / HTTP/1.1"" 200 32264"
"2026-07-08 12:59:34","web_eventosmeta  | [08/Jul/2026 12:45:34] ""GET / HTTP/1.1"" 200 32264"
"2026-07-08 12:59:34","web_eventosmeta  | [08/Jul/2026 12:45:49] ""GET / HTTP/1.1"" 200 32264"
"2026-07-08 12:59:34","web_eventosmeta  | [08/Jul/2026 12:46:04] ""GET / HTTP/1.1"" 200 32264"
"2026-07-08 12:59:34","web_eventosmeta  | [08/Jul/2026 12:46:20] ""GET / HTTP/1.1"" 200 32264"
"2026-07-08 12:59:34","web_eventosmeta  | [08/Jul/2026 12:46:35] ""GET / HTTP/1.1"" 200 32264"
"2026-07-08 12:59:34","web_eventosmeta  | Aguardando PostgreSQL ficar pronto..."
"2026-07-08 12:59:34","web_eventosmeta  | Executando migrations..."
"2026-07-08 12:59:34","web_eventosmeta  | Traceback (most recent call last):"
"2026-07-08 12:59:34","web_eventosmeta  |   File ""/app/manage.py"", line 22, in <module>"
"2026-07-08 12:59:34","web_eventosmeta  |     main()"
"2026-07-08 12:59:34","web_eventosmeta  |     ~~~~^^"
"2026-07-08 12:59:34","web_eventosmeta  |   File ""/app/manage.py"", line 18, in main"
"2026-07-08 12:59:34","web_eventosmeta  |     execute_from_command_line(sys.argv)"
"2026-07-08 12:59:34","web_eventosmeta  |     ~~~~~~~~~~~~~~~~~~~~~~~~~^^^^^^^^^^"
"2026-07-08 12:59:34","web_eventosmeta  |   File ""/usr/local/lib/python3.13/site-packages/django/core/management/__init__.py"", line 442, in execute_from_command_line"
"2026-07-08 12:59:34","web_eventosmeta  |     utility.execute()"
"2026-07-08 12:59:34","web_eventosmeta  |     ~~~~~~~~~~~~~~~^^"
"2026-07-08 12:59:34","web_eventosmeta  |   File ""/usr/local/lib/python3.13/site-packages/django/core/management/__init__.py"", line 382, in execute"
"2026-07-08 12:59:34","web_eventosmeta  |     settings.INSTALLED_APPS"
"2026-07-08 12:59:34","web_eventosmeta  |   File ""/usr/local/lib/python3.13/site-packages/django/conf/__init__.py"", line 81, in __getattr__"
"2026-07-08 12:59:34","web_eventosmeta  |     self._setup(name)"
"2026-07-08 12:59:34","web_eventosmeta  |     ~~~~~~~~~~~^^^^^^"
"2026-07-08 12:59:34","web_eventosmeta  |   File ""/usr/local/lib/python3.13/site-packages/django/conf/__init__.py"", line 68, in _setup"
"2026-07-08 12:59:34","web_eventosmeta  |     self._wrapped = Settings(settings_module)"
"2026-07-08 12:59:34","web_eventosmeta  |                     ~~~~~~~~^^^^^^^^^^^^^^^^^"
"2026-07-08 12:59:34","web_eventosmeta  |   File ""/usr/local/lib/python3.13/site-packages/django/conf/__init__.py"", line 166, in __init__"
"2026-07-08 12:59:34","web_eventosmeta  |     mod = importlib.import_module(self.SETTINGS_MODULE)"
"2026-07-08 12:59:34","web_eventosmeta  |   File ""/usr/local/lib/python3.13/importlib/__init__.py"", line 88, in import_module"
"2026-07-08 12:59:34","web_eventosmeta  |     return _bootstrap._gcd_import(name[level:], package, level)"
"2026-07-08 12:59:34","web_eventosmeta  |            ~~~~~~~~~~~~~~~~~~~~~~^^^^^^^^^^^^^^^^^^^^^^^^^^^^^^"
"2026-07-08 12:59:34","web_eventosmeta  |   File ""<frozen importlib._bootstrap>"", line 1395, in _gcd_import"
"2026-07-08 12:59:34","web_eventosmeta  |   File ""<frozen importlib._bootstrap>"", line 1360, in _find_and_load"
"2026-07-08 12:59:34","web_eventosmeta  |   File ""<frozen importlib._bootstrap>"", line 1331, in _find_and_load_unlocked"
"2026-07-08 12:59:34","web_eventosmeta  |   File ""<frozen importlib._bootstrap>"", line 935, in _load_unlocked"
"2026-07-08 12:59:34","web_eventosmeta  |   File ""<frozen importlib._bootstrap_external>"", line 1023, in exec_module"
"2026-07-08 12:59:34","web_eventosmeta  |   File ""<frozen importlib._bootstrap>"", line 488, in _call_with_frames_removed"
"2026-07-08 12:59:34","web_eventosmeta  |   File ""/app/config/settings.py"", line 282, in <module>"
"2026-07-08 12:59:34","web_eventosmeta  |     EOF"
"2026-07-08 12:59:34","web_eventosmeta  | NameError: name 'EOF' is not defined"
"2026-07-08 12:59:34","web_eventosmeta  | Aguardando PostgreSQL ficar pronto..."
"2026-07-08 12:59:34","web_eventosmeta  | Executando migrations..."
"2026-07-08 12:59:34","web_eventosmeta  | Traceback (most recent call last):"
"2026-07-08 12:59:34","web_eventosmeta  |   File ""/app/manage.py"", line 22, in <module>"
"2026-07-08 12:59:34","web_eventosmeta  |     main()"
"2026-07-08 12:59:34","web_eventosmeta  |     ~~~~^^"
"2026-07-08 12:59:34","web_eventosmeta  |   File ""/app/manage.py"", line 18, in main"
"2026-07-08 12:59:34","web_eventosmeta  |     execute_from_command_line(sys.argv)"
"2026-07-08 12:59:34","web_eventosmeta  |     ~~~~~~~~~~~~~~~~~~~~~~~~~^^^^^^^^^^"
"2026-07-08 12:59:34","web_eventosmeta  |   File ""/usr/local/lib/python3.13/site-packages/django/core/management/__init__.py"", line 442, in execute_from_command_line"
"2026-07-08 12:59:34","web_eventosmeta  |     utility.execute()"
"2026-07-08 12:59:34","web_eventosmeta  |     ~~~~~~~~~~~~~~~^^"
"2026-07-08 12:59:34","web_eventosmeta  |   File ""/usr/local/lib/python3.13/site-packages/django/core/management/__init__.py"", line 382, in execute"
"2026-07-08 12:59:34","web_eventosmeta  |     settings.INSTALLED_APPS"
"2026-07-08 12:59:34","web_eventosmeta  |   File ""/usr/local/lib/python3.13/site-packages/django/conf/__init__.py"", line 81, in __getattr__"
"2026-07-08 12:59:34","web_eventosmeta  |     self._setup(name)"
"2026-07-08 12:59:34","web_eventosmeta  |     ~~~~~~~~~~~^^^^^^"
"2026-07-08 12:59:34","web_eventosmeta  |   File ""/usr/local/lib/python3.13/site-packages/django/conf/__init__.py"", line 68, in _setup"
"2026-07-08 12:59:34","web_eventosmeta  |     self._wrapped = Settings(settings_module)"
"2026-07-08 12:59:34","web_eventosmeta  |                     ~~~~~~~~^^^^^^^^^^^^^^^^^"
"2026-07-08 12:59:34","web_eventosmeta  |   File ""/usr/local/lib/python3.13/site-packages/django/conf/__init__.py"", line 166, in __init__"
"2026-07-08 12:59:34","web_eventosmeta  |     mod = importlib.import_module(self.SETTINGS_MODULE)"
"2026-07-08 12:59:34","web_eventosmeta  |   File ""/usr/local/lib/python3.13/importlib/__init__.py"", line 88, in import_module"
"2026-07-08 12:59:34","web_eventosmeta  |     return _bootstrap._gcd_import(name[level:], package, level)"
"2026-07-08 12:59:34","web_eventosmeta  |            ~~~~~~~~~~~~~~~~~~~~~~^^^^^^^^^^^^^^^^^^^^^^^^^^^^^^"
"2026-07-08 12:59:34","web_eventosmeta  |   File ""<frozen importlib._bootstrap>"", line 1395, in _gcd_import"
"2026-07-08 12:59:34","web_eventosmeta  |   File ""<frozen importlib._bootstrap>"", line 1360, in _find_and_load"
"2026-07-08 12:59:34","web_eventosmeta  |   File ""<frozen importlib._bootstrap>"", line 1331, in _find_and_load_unlocked"
"2026-07-08 12:59:34","web_eventosmeta  |   File ""<frozen importlib._bootstrap>"", line 935, in _load_unlocked"
"2026-07-08 12:59:34","web_eventosmeta  |   File ""<frozen importlib._bootstrap_external>"", line 1023, in exec_module"
"2026-07-08 12:59:34","web_eventosmeta  |   File ""<frozen importlib._bootstrap>"", line 488, in _call_with_frames_removed"
"2026-07-08 12:59:34","web_eventosmeta  |   File ""/app/config/settings.py"", line 282, in <module>"
"2026-07-08 12:59:34","web_eventosmeta  |     EOF"
"2026-07-08 12:59:34","web_eventosmeta  | NameError: name 'EOF' is not defined"
"2026-07-08 12:59:34","web_eventosmeta  | Aguardando PostgreSQL ficar pronto..."
"2026-07-08 12:59:34","web_eventosmeta  | Executando migrations..."
"2026-07-08 12:59:34","web_eventosmeta  | Traceback (most recent call last):"
"2026-07-08 12:59:34","web_eventosmeta  |   File ""/app/manage.py"", line 22, in <module>"
"2026-07-08 12:59:34","web_eventosmeta  |     main()"
"2026-07-08 12:59:34","web_eventosmeta  |     ~~~~^^"
"2026-07-08 12:59:34","web_eventosmeta  |   File ""/app/manage.py"", line 18, in main"
"2026-07-08 12:59:34","web_eventosmeta  |     execute_from_command_line(sys.argv)"
"2026-07-08 12:59:34","web_eventosmeta  |     ~~~~~~~~~~~~~~~~~~~~~~~~~^^^^^^^^^^"
"2026-07-08 12:59:34","web_eventosmeta  |   File ""/usr/local/lib/python3.13/site-packages/django/core/management/__init__.py"", line 442, in execute_from_command_line"
"2026-07-08 12:59:34","web_eventosmeta  |     utility.execute()"
"2026-07-08 12:59:34","web_eventosmeta  |     ~~~~~~~~~~~~~~~^^"
"2026-07-08 12:59:34","web_eventosmeta  |   File ""/usr/local/lib/python3.13/site-packages/django/core/management/__init__.py"", line 382, in execute"
"2026-07-08 12:59:34","web_eventosmeta  |     settings.INSTALLED_APPS"
"2026-07-08 12:59:34","web_eventosmeta  |   File ""/usr/local/lib/python3.13/site-packages/django/conf/__init__.py"", line 81, in __getattr__"
"2026-07-08 12:59:34","web_eventosmeta  |     self._setup(name)"
"2026-07-08 12:59:34","web_eventosmeta  |     ~~~~~~~~~~~^^^^^^"
"2026-07-08 12:59:34","web_eventosmeta  |   File ""/usr/local/lib/python3.13/site-packages/django/conf/__init__.py"", line 68, in _setup"
"2026-07-08 12:59:34","web_eventosmeta  |     self._wrapped = Settings(settings_module)"
"2026-07-08 12:59:34","web_eventosmeta  |                     ~~~~~~~~^^^^^^^^^^^^^^^^^"
"2026-07-08 12:59:34","web_eventosmeta  |   File ""/usr/local/lib/python3.13/site-packages/django/conf/__init__.py"", line 166, in __init__"
"2026-07-08 12:59:34","web_eventosmeta  |     mod = importlib.import_module(self.SETTINGS_MODULE)"
"2026-07-08 12:59:34","web_eventosmeta  |   File ""/usr/local/lib/python3.13/importlib/__init__.py"", line 88, in import_module"
"2026-07-08 12:59:34","web_eventosmeta  |     return _bootstrap._gcd_import(name[level:], package, level)"
"2026-07-08 12:59:34","web_eventosmeta  |            ~~~~~~~~~~~~~~~~~~~~~~^^^^^^^^^^^^^^^^^^^^^^^^^^^^^^"
"2026-07-08 12:59:34","web_eventosmeta  |   File ""<frozen importlib._bootstrap>"", line 1395, in _gcd_import"
"2026-07-08 12:59:34","web_eventosmeta  |   File ""<frozen importlib._bootstrap>"", line 1360, in _find_and_load"
"2026-07-08 12:59:34","web_eventosmeta  |   File ""<frozen importlib._bootstrap>"", line 1331, in _find_and_load_unlocked"
"2026-07-08 12:59:34","web_eventosmeta  |   File ""<frozen importlib._bootstrap>"", line 935, in _load_unlocked"
"2026-07-08 12:59:34","web_eventosmeta  |   File ""<frozen importlib._bootstrap_external>"", line 1023, in exec_module"
"2026-07-08 12:59:34","web_eventosmeta  |   File ""<frozen importlib._bootstrap>"", line 488, in _call_with_frames_removed"
"2026-07-08 12:59:34","web_eventosmeta  |   File ""/app/config/settings.py"", line 282, in <module>"
"2026-07-08 12:59:34","web_eventosmeta  |     EOF"
"2026-07-08 12:59:34","web_eventosmeta  | NameError: name 'EOF' is not defined"
"2026-07-08 12:59:34","web_eventosmeta  | Aguardando PostgreSQL ficar pronto..."
"2026-07-08 12:59:34","web_eventosmeta  | Executando migrations..."
"2026-07-08 12:59:34","web_eventosmeta  | Traceback (most recent call last):"
"2026-07-08 12:59:34","web_eventosmeta  |   File ""/app/manage.py"", line 22, in <module>"
"2026-07-08 12:59:34","web_eventosmeta  |     main()"
"2026-07-08 12:59:34","web_eventosmeta  |     ~~~~^^"
"2026-07-08 12:59:34","web_eventosmeta  |   File ""/app/manage.py"", line 18, in main"
"2026-07-08 12:59:34","web_eventosmeta  |     execute_from_command_line(sys.argv)"
"2026-07-08 12:59:34","web_eventosmeta  |     ~~~~~~~~~~~~~~~~~~~~~~~~~^^^^^^^^^^"
"2026-07-08 12:59:34","web_eventosmeta  |   File ""/usr/local/lib/python3.13/site-packages/django/core/management/__init__.py"", line 442, in execute_from_command_line"
"2026-07-08 12:59:34","web_eventosmeta  |     utility.execute()"
"2026-07-08 12:59:34","web_eventosmeta  |     ~~~~~~~~~~~~~~~^^"
"2026-07-08 12:59:34","web_eventosmeta  |   File ""/usr/local/lib/python3.13/site-packages/django/core/management/__init__.py"", line 382, in execute"
"2026-07-08 12:59:34","web_eventosmeta  |     settings.INSTALLED_APPS"
"2026-07-08 12:59:34","web_eventosmeta  |   File ""/usr/local/lib/python3.13/site-packages/django/conf/__init__.py"", line 81, in __getattr__"
"2026-07-08 12:59:34","web_eventosmeta  |     self._setup(name)"
"2026-07-08 12:59:34","web_eventosmeta  |     ~~~~~~~~~~~^^^^^^"
"2026-07-08 12:59:34","web_eventosmeta  |   File ""/usr/local/lib/python3.13/site-packages/django/conf/__init__.py"", line 68, in _setup"
"2026-07-08 12:59:34","web_eventosmeta  |     self._wrapped = Settings(settings_module)"
"2026-07-08 12:59:34","web_eventosmeta  |                     ~~~~~~~~^^^^^^^^^^^^^^^^^"
"2026-07-08 12:59:34","web_eventosmeta  |   File ""/usr/local/lib/python3.13/site-packages/django/conf/__init__.py"", line 166, in __init__"
"2026-07-08 12:59:34","web_eventosmeta  |     mod = importlib.import_module(self.SETTINGS_MODULE)"
"2026-07-08 12:59:34","web_eventosmeta  |   File ""/usr/local/lib/python3.13/importlib/__init__.py"", line 88, in import_module"
"2026-07-08 12:59:34","web_eventosmeta  |     return _bootstrap._gcd_import(name[level:], package, level)"
"2026-07-08 12:59:34","web_eventosmeta  |            ~~~~~~~~~~~~~~~~~~~~~~^^^^^^^^^^^^^^^^^^^^^^^^^^^^^^"
"2026-07-08 12:59:34","web_eventosmeta  |   File ""<frozen importlib._bootstrap>"", line 1395, in _gcd_import"
"2026-07-08 12:59:34","web_eventosmeta  |   File ""<frozen importlib._bootstrap>"", line 1360, in _find_and_load"
"2026-07-08 12:59:34","web_eventosmeta  |   File ""<frozen importlib._bootstrap>"", line 1331, in _find_and_load_unlocked"
"2026-07-08 12:59:34","web_eventosmeta  |   File ""<frozen importlib._bootstrap>"", line 935, in _load_unlocked"
"2026-07-08 12:59:34","web_eventosmeta  |   File ""<frozen importlib._bootstrap_external>"", line 1023, in exec_module"
"2026-07-08 12:59:34","web_eventosmeta  |   File ""<frozen importlib._bootstrap>"", line 488, in _call_with_frames_removed"
"2026-07-08 12:59:34","web_eventosmeta  |   File ""/app/config/settings.py"", line 282, in <module>"
"2026-07-08 12:59:34","web_eventosmeta  |     EOF"
"2026-07-08 12:59:34","web_eventosmeta  | NameError: name 'EOF' is not defined"
"2026-07-08 12:59:34","web_eventosmeta  | Aguardando PostgreSQL ficar pronto..."
"2026-07-08 12:59:34","web_eventosmeta  | Executando migrations..."
"2026-07-08 12:59:34","web_eventosmeta  | Traceback (most recent call last):"
"2026-07-08 12:59:34","web_eventosmeta  |   File ""/app/manage.py"", line 22, in <module>"
"2026-07-08 12:59:34","web_eventosmeta  |     main()"
"2026-07-08 12:59:34","web_eventosmeta  |     ~~~~^^"
"2026-07-08 12:59:34","web_eventosmeta  |   File ""/app/manage.py"", line 18, in main"
"2026-07-08 12:59:34","web_eventosmeta  |     execute_from_command_line(sys.argv)"
"2026-07-08 12:59:34","web_eventosmeta  |     ~~~~~~~~~~~~~~~~~~~~~~~~~^^^^^^^^^^"
"2026-07-08 12:59:34","web_eventosmeta  |   File ""/usr/local/lib/python3.13/site-packages/django/core/management/__init__.py"", line 442, in execute_from_command_line"
"2026-07-08 12:59:34","web_eventosmeta  |     utility.execute()"
"2026-07-08 12:59:34","web_eventosmeta  |     ~~~~~~~~~~~~~~~^^"
"2026-07-08 12:59:34","web_eventosmeta  |   File ""/usr/local/lib/python3.13/site-packages/django/core/management/__init__.py"", line 382, in execute"
"2026-07-08 12:59:34","web_eventosmeta  |     settings.INSTALLED_APPS"
"2026-07-08 12:59:34","web_eventosmeta  |   File ""/usr/local/lib/python3.13/site-packages/django/conf/__init__.py"", line 81, in __getattr__"
"2026-07-08 12:59:34","web_eventosmeta  |     self._setup(name)"
"2026-07-08 12:59:34","web_eventosmeta  |     ~~~~~~~~~~~^^^^^^"
"2026-07-08 12:59:34","web_eventosmeta  |   File ""/usr/local/lib/python3.13/site-packages/django/conf/__init__.py"", line 68, in _setup"
"2026-07-08 12:59:34","web_eventosmeta  |     self._wrapped = Settings(settings_module)"
"2026-07-08 12:59:34","web_eventosmeta  |                     ~~~~~~~~^^^^^^^^^^^^^^^^^"
"2026-07-08 12:59:34","web_eventosmeta  |   File ""/usr/local/lib/python3.13/site-packages/django/conf/__init__.py"", line 166, in __init__"
"2026-07-08 12:59:34","web_eventosmeta  |     mod = importlib.import_module(self.SETTINGS_MODULE)"
"2026-07-08 12:59:34","web_eventosmeta  |   File ""/usr/local/lib/python3.13/importlib/__init__.py"", line 88, in import_module"
"2026-07-08 12:59:34","web_eventosmeta  |     return _bootstrap._gcd_import(name[level:], package, level)"
"2026-07-08 12:59:34","web_eventosmeta  |            ~~~~~~~~~~~~~~~~~~~~~~^^^^^^^^^^^^^^^^^^^^^^^^^^^^^^"
"2026-07-08 12:59:34","web_eventosmeta  |   File ""<frozen importlib._bootstrap>"", line 1395, in _gcd_import"
"2026-07-08 12:59:34","web_eventosmeta  |   File ""<frozen importlib._bootstrap>"", line 1360, in _find_and_load"
"2026-07-08 12:59:34","web_eventosmeta  |   File ""<frozen importlib._bootstrap>"", line 1331, in _find_and_load_unlocked"
"2026-07-08 12:59:34","web_eventosmeta  |   File ""<frozen importlib._bootstrap>"", line 935, in _load_unlocked"
"2026-07-08 12:59:34","web_eventosmeta  |   File ""<frozen importlib._bootstrap_external>"", line 1023, in exec_module"
"2026-07-08 12:59:34","web_eventosmeta  |   File ""<frozen importlib._bootstrap>"", line 488, in _call_with_frames_removed"
"2026-07-08 12:59:34","web_eventosmeta  |   File ""/app/config/settings.py"", line 282, in <module>"
"2026-07-08 12:59:34","web_eventosmeta  |     EOF"
"2026-07-08 12:59:34","web_eventosmeta  | NameError: name 'EOF' is not defined"
"2026-07-08 12:59:34","web_eventosmeta  | Aguardando PostgreSQL ficar pronto..."
"2026-07-08 12:59:34","web_eventosmeta  | Executando migrations..."
"2026-07-08 12:59:34","web_eventosmeta  | Traceback (most recent call last):"
"2026-07-08 12:59:34","web_eventosmeta  |   File ""/app/manage.py"", line 22, in <module>"
"2026-07-08 12:59:34","web_eventosmeta  |     main()"
"2026-07-08 12:59:34","web_eventosmeta  |     ~~~~^^"
"2026-07-08 12:59:34","web_eventosmeta  |   File ""/app/manage.py"", line 18, in main"
"2026-07-08 12:59:34","web_eventosmeta  |     execute_from_command_line(sys.argv)"
"2026-07-08 12:59:34","web_eventosmeta  |     ~~~~~~~~~~~~~~~~~~~~~~~~~^^^^^^^^^^"
"2026-07-08 12:59:34","web_eventosmeta  |   File ""/usr/local/lib/python3.13/site-packages/django/core/management/__init__.py"", line 442, in execute_from_command_line"
"2026-07-08 12:59:34","web_eventosmeta  |     utility.execute()"
"2026-07-08 12:59:34","web_eventosmeta  |     ~~~~~~~~~~~~~~~^^"
"2026-07-08 12:59:34","web_eventosmeta  |   File ""/usr/local/lib/python3.13/site-packages/django/core/management/__init__.py"", line 382, in execute"
"2026-07-08 12:59:34","web_eventosmeta  |     settings.INSTALLED_APPS"
"2026-07-08 12:59:34","web_eventosmeta  |   File ""/usr/local/lib/python3.13/site-packages/django/conf/__init__.py"", line 81, in __getattr__"
"2026-07-08 12:59:34","web_eventosmeta  |     self._setup(name)"
"2026-07-08 12:59:34","web_eventosmeta  |     ~~~~~~~~~~~^^^^^^"
"2026-07-08 12:59:34","web_eventosmeta  |   File ""/usr/local/lib/python3.13/site-packages/django/conf/__init__.py"", line 68, in _setup"
"2026-07-08 12:59:34","web_eventosmeta  |     self._wrapped = Settings(settings_module)"
"2026-07-08 12:59:34","web_eventosmeta  |                     ~~~~~~~~^^^^^^^^^^^^^^^^^"
"2026-07-08 12:59:34","web_eventosmeta  |   File ""/usr/local/lib/python3.13/site-packages/django/conf/__init__.py"", line 166, in __init__"
"2026-07-08 12:59:34","web_eventosmeta  |     mod = importlib.import_module(self.SETTINGS_MODULE)"
"2026-07-08 12:59:34","web_eventosmeta  |   File ""/usr/local/lib/python3.13/importlib/__init__.py"", line 88, in import_module"
"2026-07-08 12:59:34","web_eventosmeta  |     return _bootstrap._gcd_import(name[level:], package, level)"
"2026-07-08 12:59:34","web_eventosmeta  |            ~~~~~~~~~~~~~~~~~~~~~~^^^^^^^^^^^^^^^^^^^^^^^^^^^^^^"
"2026-07-08 12:59:34","web_eventosmeta  |   File ""<frozen importlib._bootstrap>"", line 1395, in _gcd_import"
"2026-07-08 12:59:34","web_eventosmeta  |   File ""<frozen importlib._bootstrap>"", line 1360, in _find_and_load"
"2026-07-08 12:59:34","web_eventosmeta  |   File ""<frozen importlib._bootstrap>"", line 1331, in _find_and_load_unlocked"
"2026-07-08 12:59:34","web_eventosmeta  |   File ""<frozen importlib._bootstrap>"", line 935, in _load_unlocked"
"2026-07-08 12:59:34","web_eventosmeta  |   File ""<frozen importlib._bootstrap_external>"", line 1023, in exec_module"
"2026-07-08 12:59:34","web_eventosmeta  |   File ""<frozen importlib._bootstrap>"", line 488, in _call_with_frames_removed"
"2026-07-08 12:59:34","web_eventosmeta  |   File ""/app/config/settings.py"", line 282, in <module>"
"2026-07-08 12:59:34","web_eventosmeta  |     EOF"
"2026-07-08 12:59:34","web_eventosmeta  | NameError: name 'EOF' is not defined"
"2026-07-08 12:59:34","web_eventosmeta  | Aguardando PostgreSQL ficar pronto..."
"2026-07-08 12:59:34","web_eventosmeta  | Executando migrations..."
"2026-07-08 12:59:34","web_eventosmeta  | Traceback (most recent call last):"
"2026-07-08 12:59:34","web_eventosmeta  |   File ""/app/manage.py"", line 22, in <module>"
"2026-07-08 12:59:34","web_eventosmeta  |     main()"
"2026-07-08 12:59:34","web_eventosmeta  |     ~~~~^^"
"2026-07-08 12:59:34","web_eventosmeta  |   File ""/app/manage.py"", line 18, in main"
"2026-07-08 12:59:34","web_eventosmeta  |     execute_from_command_line(sys.argv)"
"2026-07-08 12:59:34","web_eventosmeta  |     ~~~~~~~~~~~~~~~~~~~~~~~~~^^^^^^^^^^"
"2026-07-08 12:59:34","web_eventosmeta  |   File ""/usr/local/lib/python3.13/site-packages/django/core/management/__init__.py"", line 442, in execute_from_command_line"
"2026-07-08 12:59:34","web_eventosmeta  |     utility.execute()"
"2026-07-08 12:59:34","web_eventosmeta  |     ~~~~~~~~~~~~~~~^^"
"2026-07-08 12:59:34","web_eventosmeta  |   File ""/usr/local/lib/python3.13/site-packages/django/core/management/__init__.py"", line 382, in execute"
"2026-07-08 12:59:34","web_eventosmeta  |     settings.INSTALLED_APPS"
"2026-07-08 12:59:34","web_eventosmeta  |   File ""/usr/local/lib/python3.13/site-packages/django/conf/__init__.py"", line 81, in __getattr__"
"2026-07-08 12:59:34","web_eventosmeta  |     self._setup(name)"
"2026-07-08 12:59:34","web_eventosmeta  |     ~~~~~~~~~~~^^^^^^"
"2026-07-08 12:59:34","web_eventosmeta  |   File ""/usr/local/lib/python3.13/site-packages/django/conf/__init__.py"", line 68, in _setup"
"2026-07-08 12:59:34","web_eventosmeta  |     self._wrapped = Settings(settings_module)"
"2026-07-08 12:59:34","web_eventosmeta  |                     ~~~~~~~~^^^^^^^^^^^^^^^^^"
"2026-07-08 12:59:34","web_eventosmeta  |   File ""/usr/local/lib/python3.13/site-packages/django/conf/__init__.py"", line 166, in __init__"
"2026-07-08 12:59:34","web_eventosmeta  |     mod = importlib.import_module(self.SETTINGS_MODULE)"
"2026-07-08 12:59:34","web_eventosmeta  |   File ""/usr/local/lib/python3.13/importlib/__init__.py"", line 88, in import_module"
"2026-07-08 12:59:34","web_eventosmeta  |     return _bootstrap._gcd_import(name[level:], package, level)"
"2026-07-08 12:59:34","web_eventosmeta  |            ~~~~~~~~~~~~~~~~~~~~~~^^^^^^^^^^^^^^^^^^^^^^^^^^^^^^"
"2026-07-08 12:59:34","web_eventosmeta  |   File ""<frozen importlib._bootstrap>"", line 1395, in _gcd_import"
"2026-07-08 12:59:34","web_eventosmeta  |   File ""<frozen importlib._bootstrap>"", line 1360, in _find_and_load"
"2026-07-08 12:59:34","web_eventosmeta  |   File ""<frozen importlib._bootstrap>"", line 1331, in _find_and_load_unlocked"
"2026-07-08 12:59:34","web_eventosmeta  |   File ""<frozen importlib._bootstrap>"", line 935, in _load_unlocked"
"2026-07-08 12:59:34","web_eventosmeta  |   File ""<frozen importlib._bootstrap_external>"", line 1023, in exec_module"
"2026-07-08 12:59:34","web_eventosmeta  |   File ""<frozen importlib._bootstrap>"", line 488, in _call_with_frames_removed"
"2026-07-08 12:59:34","web_eventosmeta  |   File ""/app/config/settings.py"", line 282, in <module>"
"2026-07-08 12:59:34","web_eventosmeta  |     EOF"
"2026-07-08 12:59:34","web_eventosmeta  | NameError: name 'EOF' is not defined"
"2026-07-08 12:59:34","web_eventosmeta  | Aguardando PostgreSQL ficar pronto..."
"2026-07-08 12:59:34","web_eventosmeta  | Executando migrations..."
"2026-07-08 12:59:34","web_eventosmeta  | Traceback (most recent call last):"
"2026-07-08 12:59:34","web_eventosmeta  |   File ""/app/manage.py"", line 22, in <module>"
"2026-07-08 12:59:34","web_eventosmeta  |     main()"
"2026-07-08 12:59:34","web_eventosmeta  |     ~~~~^^"
"2026-07-08 12:59:34","web_eventosmeta  |   File ""/app/manage.py"", line 18, in main"
"2026-07-08 12:59:34","web_eventosmeta  |     execute_from_command_line(sys.argv)"
"2026-07-08 12:59:34","web_eventosmeta  |     ~~~~~~~~~~~~~~~~~~~~~~~~~^^^^^^^^^^"
"2026-07-08 12:59:34","web_eventosmeta  |   File ""/usr/local/lib/python3.13/site-packages/django/core/management/__init__.py"", line 442, in execute_from_command_line"
"2026-07-08 12:59:34","web_eventosmeta  |     utility.execute()"
"2026-07-08 12:59:34","web_eventosmeta  |     ~~~~~~~~~~~~~~~^^"
"2026-07-08 12:59:34","web_eventosmeta  |   File ""/usr/local/lib/python3.13/site-packages/django/core/management/__init__.py"", line 382, in execute"
"2026-07-08 12:59:34","web_eventosmeta  |     settings.INSTALLED_APPS"
"2026-07-08 12:59:34","web_eventosmeta  |   File ""/usr/local/lib/python3.13/site-packages/django/conf/__init__.py"", line 81, in __getattr__"
"2026-07-08 12:59:34","web_eventosmeta  |     self._setup(name)"
"2026-07-08 12:59:34","web_eventosmeta  |     ~~~~~~~~~~~^^^^^^"
"2026-07-08 12:59:34","web_eventosmeta  |   File ""/usr/local/lib/python3.13/site-packages/django/conf/__init__.py"", line 68, in _setup"
"2026-07-08 12:59:34","web_eventosmeta  |     self._wrapped = Settings(settings_module)"
"2026-07-08 12:59:34","web_eventosmeta  |                     ~~~~~~~~^^^^^^^^^^^^^^^^^"
"2026-07-08 12:59:34","web_eventosmeta  |   File ""/usr/local/lib/python3.13/site-packages/django/conf/__init__.py"", line 166, in __init__"
"2026-07-08 12:59:34","web_eventosmeta  |     mod = importlib.import_module(self.SETTINGS_MODULE)"
"2026-07-08 12:59:34","web_eventosmeta  |   File ""/usr/local/lib/python3.13/importlib/__init__.py"", line 88, in import_module"
"2026-07-08 12:59:34","web_eventosmeta  |     return _bootstrap._gcd_import(name[level:], package, level)"
"2026-07-08 12:59:34","web_eventosmeta  |            ~~~~~~~~~~~~~~~~~~~~~~^^^^^^^^^^^^^^^^^^^^^^^^^^^^^^"
"2026-07-08 12:59:34","web_eventosmeta  |   File ""<frozen importlib._bootstrap>"", line 1395, in _gcd_import"
"2026-07-08 12:59:34","web_eventosmeta  |   File ""<frozen importlib._bootstrap>"", line 1360, in _find_and_load"
"2026-07-08 12:59:34","web_eventosmeta  |   File ""<frozen importlib._bootstrap>"", line 1331, in _find_and_load_unlocked"
"2026-07-08 12:59:34","web_eventosmeta  |   File ""<frozen importlib._bootstrap>"", line 935, in _load_unlocked"
"2026-07-08 12:59:34","web_eventosmeta  |   File ""<frozen importlib._bootstrap_external>"", line 1023, in exec_module"
"2026-07-08 12:59:34","web_eventosmeta  |   File ""<frozen importlib._bootstrap>"", line 488, in _call_with_frames_removed"
"2026-07-08 12:59:34","web_eventosmeta  |   File ""/app/config/settings.py"", line 282, in <module>"
"2026-07-08 12:59:34","web_eventosmeta  |     EOF"
"2026-07-08 12:59:34","web_eventosmeta  | NameError: name 'EOF' is not defined"
"2026-07-08 12:59:34","web_eventosmeta  | Aguardando PostgreSQL ficar pronto..."
"2026-07-08 12:59:34","web_eventosmeta  | Executando migrations..."
"2026-07-08 12:59:34","web_eventosmeta  | Traceback (most recent call last):"
"2026-07-08 12:59:34","web_eventosmeta  |   File ""/app/manage.py"", line 22, in <module>"
"2026-07-08 12:59:34","web_eventosmeta  |     main()"
"2026-07-08 12:59:34","web_eventosmeta  |     ~~~~^^"
"2026-07-08 12:59:34","web_eventosmeta  |   File ""/app/manage.py"", line 18, in main"
"2026-07-08 12:59:34","web_eventosmeta  |     execute_from_command_line(sys.argv)"
"2026-07-08 12:59:34","web_eventosmeta  |     ~~~~~~~~~~~~~~~~~~~~~~~~~^^^^^^^^^^"
"2026-07-08 12:59:34","web_eventosmeta  |   File ""/usr/local/lib/python3.13/site-packages/django/core/management/__init__.py"", line 442, in execute_from_command_line"
"2026-07-08 12:59:34","web_eventosmeta  |     utility.execute()"
"2026-07-08 12:59:34","web_eventosmeta  |     ~~~~~~~~~~~~~~~^^"
"2026-07-08 12:59:34","web_eventosmeta  |   File ""/usr/local/lib/python3.13/site-packages/django/core/management/__init__.py"", line 382, in execute"
"2026-07-08 12:59:34","web_eventosmeta  |     settings.INSTALLED_APPS"
"2026-07-08 12:59:34","web_eventosmeta  |   File ""/usr/local/lib/python3.13/site-packages/django/conf/__init__.py"", line 81, in __getattr__"
"2026-07-08 12:59:34","web_eventosmeta  |     self._setup(name)"
"2026-07-08 12:59:34","web_eventosmeta  |     ~~~~~~~~~~~^^^^^^"
"2026-07-08 12:59:34","web_eventosmeta  |   File ""/usr/local/lib/python3.13/site-packages/django/conf/__init__.py"", line 68, in _setup"
"2026-07-08 12:59:34","web_eventosmeta  |     self._wrapped = Settings(settings_module)"
"2026-07-08 12:59:34","web_eventosmeta  |                     ~~~~~~~~^^^^^^^^^^^^^^^^^"
"2026-07-08 12:59:34","web_eventosmeta  |   File ""/usr/local/lib/python3.13/site-packages/django/conf/__init__.py"", line 166, in __init__"
"2026-07-08 12:59:34","web_eventosmeta  |     mod = importlib.import_module(self.SETTINGS_MODULE)"
"2026-07-08 12:59:34","web_eventosmeta  |   File ""/usr/local/lib/python3.13/importlib/__init__.py"", line 88, in import_module"
"2026-07-08 12:59:34","web_eventosmeta  |     return _bootstrap._gcd_import(name[level:], package, level)"
"2026-07-08 12:59:34","web_eventosmeta  |            ~~~~~~~~~~~~~~~~~~~~~~^^^^^^^^^^^^^^^^^^^^^^^^^^^^^^"
"2026-07-08 12:59:34","web_eventosmeta  |   File ""<frozen importlib._bootstrap>"", line 1395, in _gcd_import"
"2026-07-08 12:59:34","web_eventosmeta  |   File ""<frozen importlib._bootstrap>"", line 1360, in _find_and_load"
"2026-07-08 12:59:34","web_eventosmeta  |   File ""<frozen importlib._bootstrap>"", line 1331, in _find_and_load_unlocked"
"2026-07-08 12:59:34","web_eventosmeta  |   File ""<frozen importlib._bootstrap>"", line 935, in _load_unlocked"
"2026-07-08 12:59:34","web_eventosmeta  |   File ""<frozen importlib._bootstrap_external>"", line 1023, in exec_module"
"2026-07-08 12:59:34","web_eventosmeta  |   File ""<frozen importlib._bootstrap>"", line 488, in _call_with_frames_removed"
"2026-07-08 12:59:34","web_eventosmeta  |   File ""/app/config/settings.py"", line 282, in <module>"
"2026-07-08 12:59:34","web_eventosmeta  |     EOF"
"2026-07-08 12:59:34","web_eventosmeta  | NameError: name 'EOF' is not defined"
"2026-07-08 12:59:34","web_eventosmeta  | Aguardando PostgreSQL ficar pronto..."
"2026-07-08 12:59:34","web_eventosmeta  | Executando migrations..."
"2026-07-08 12:59:34","web_eventosmeta  | Traceback (most recent call last):"
"2026-07-08 12:59:34","web_eventosmeta  |   File ""/app/manage.py"", line 22, in <module>"
"2026-07-08 12:59:34","web_eventosmeta  |     main()"
"2026-07-08 12:59:34","web_eventosmeta  |     ~~~~^^"
"2026-07-08 12:59:34","web_eventosmeta  |   File ""/app/manage.py"", line 18, in main"
"2026-07-08 12:59:34","web_eventosmeta  |     execute_from_command_line(sys.argv)"
"2026-07-08 12:59:34","web_eventosmeta  |     ~~~~~~~~~~~~~~~~~~~~~~~~~^^^^^^^^^^"
"2026-07-08 12:59:34","web_eventosmeta  |   File ""/usr/local/lib/python3.13/site-packages/django/core/management/__init__.py"", line 442, in execute_from_command_line"
"2026-07-08 12:59:34","web_eventosmeta  |     utility.execute()"
"2026-07-08 12:59:34","web_eventosmeta  |     ~~~~~~~~~~~~~~~^^"
"2026-07-08 12:59:34","web_eventosmeta  |   File ""/usr/local/lib/python3.13/site-packages/django/core/management/__init__.py"", line 382, in execute"
"2026-07-08 12:59:34","web_eventosmeta  |     settings.INSTALLED_APPS"
"2026-07-08 12:59:34","web_eventosmeta  |   File ""/usr/local/lib/python3.13/site-packages/django/conf/__init__.py"", line 81, in __getattr__"
"2026-07-08 12:59:34","web_eventosmeta  |     self._setup(name)"
"2026-07-08 12:59:34","web_eventosmeta  |     ~~~~~~~~~~~^^^^^^"
"2026-07-08 12:59:34","web_eventosmeta  |   File ""/usr/local/lib/python3.13/site-packages/django/conf/__init__.py"", line 68, in _setup"
"2026-07-08 12:59:34","web_eventosmeta  |     self._wrapped = Settings(settings_module)"
"2026-07-08 12:59:34","web_eventosmeta  |                     ~~~~~~~~^^^^^^^^^^^^^^^^^"
"2026-07-08 12:59:34","web_eventosmeta  |   File ""/usr/local/lib/python3.13/site-packages/django/conf/__init__.py"", line 166, in __init__"
"2026-07-08 12:59:34","web_eventosmeta  |     mod = importlib.import_module(self.SETTINGS_MODULE)"
"2026-07-08 12:59:34","web_eventosmeta  |   File ""/usr/local/lib/python3.13/importlib/__init__.py"", line 88, in import_module"
"2026-07-08 12:59:34","web_eventosmeta  |     return _bootstrap._gcd_import(name[level:], package, level)"
"2026-07-08 12:59:34","web_eventosmeta  |            ~~~~~~~~~~~~~~~~~~~~~~^^^^^^^^^^^^^^^^^^^^^^^^^^^^^^"
"2026-07-08 12:59:34","web_eventosmeta  |   File ""<frozen importlib._bootstrap>"", line 1395, in _gcd_import"
"2026-07-08 12:59:34","web_eventosmeta  |   File ""<frozen importlib._bootstrap>"", line 1360, in _find_and_load"
"2026-07-08 12:59:34","web_eventosmeta  |   File ""<frozen importlib._bootstrap>"", line 1331, in _find_and_load_unlocked"
"2026-07-08 12:59:34","web_eventosmeta  |   File ""<frozen importlib._bootstrap>"", line 935, in _load_unlocked"
"2026-07-08 12:59:34","web_eventosmeta  |   File ""<frozen importlib._bootstrap_external>"", line 1023, in exec_module"
"2026-07-08 12:59:34","web_eventosmeta  |   File ""<frozen importlib._bootstrap>"", line 488, in _call_with_frames_removed"
"2026-07-08 12:59:34","web_eventosmeta  |   File ""/app/config/settings.py"", line 282, in <module>"
"2026-07-08 12:59:34","web_eventosmeta  |     EOF"
"2026-07-08 12:59:34","web_eventosmeta  | NameError: name 'EOF' is not defined"
"2026-07-08 12:59:34","web_eventosmeta  | Aguardando PostgreSQL ficar pronto..."
"2026-07-08 12:59:34","web_eventosmeta  | Executando migrations..."
"2026-07-08 12:59:34","web_eventosmeta  | Traceback (most recent call last):"
"2026-07-08 12:59:34","web_eventosmeta  |   File ""/app/manage.py"", line 22, in <module>"
"2026-07-08 12:59:34","web_eventosmeta  |     main()"
"2026-07-08 12:59:34","web_eventosmeta  |     ~~~~^^"
"2026-07-08 12:59:34","web_eventosmeta  |   File ""/app/manage.py"", line 18, in main"
"2026-07-08 12:59:34","web_eventosmeta  |     execute_from_command_line(sys.argv)"
"2026-07-08 12:59:34","web_eventosmeta  |     ~~~~~~~~~~~~~~~~~~~~~~~~~^^^^^^^^^^"
"2026-07-08 12:59:34","web_eventosmeta  |   File ""/usr/local/lib/python3.13/site-packages/django/core/management/__init__.py"", line 442, in execute_from_command_line"
"2026-07-08 12:59:34","web_eventosmeta  |     utility.execute()"
"2026-07-08 12:59:34","web_eventosmeta  |     ~~~~~~~~~~~~~~~^^"
"2026-07-08 12:59:34","web_eventosmeta  |   File ""/usr/local/lib/python3.13/site-packages/django/core/management/__init__.py"", line 382, in execute"
"2026-07-08 12:59:34","web_eventosmeta  |     settings.INSTALLED_APPS"
"2026-07-08 12:59:34","web_eventosmeta  |   File ""/usr/local/lib/python3.13/site-packages/django/conf/__init__.py"", line 81, in __getattr__"
"2026-07-08 12:59:34","web_eventosmeta  |     self._setup(name)"
"2026-07-08 12:59:34","web_eventosmeta  |     ~~~~~~~~~~~^^^^^^"
"2026-07-08 12:59:34","web_eventosmeta  |   File ""/usr/local/lib/python3.13/site-packages/django/conf/__init__.py"", line 68, in _setup"
"2026-07-08 12:59:34","web_eventosmeta  |     self._wrapped = Settings(settings_module)"
"2026-07-08 12:59:34","web_eventosmeta  |                     ~~~~~~~~^^^^^^^^^^^^^^^^^"
"2026-07-08 12:59:34","web_eventosmeta  |   File ""/usr/local/lib/python3.13/site-packages/django/conf/__init__.py"", line 166, in __init__"
"2026-07-08 12:59:34","web_eventosmeta  |     mod = importlib.import_module(self.SETTINGS_MODULE)"
"2026-07-08 12:59:34","web_eventosmeta  |   File ""/usr/local/lib/python3.13/importlib/__init__.py"", line 88, in import_module"
"2026-07-08 12:59:34","web_eventosmeta  |     return _bootstrap._gcd_import(name[level:], package, level)"
"2026-07-08 12:59:34","web_eventosmeta  |            ~~~~~~~~~~~~~~~~~~~~~~^^^^^^^^^^^^^^^^^^^^^^^^^^^^^^"
"2026-07-08 12:59:34","web_eventosmeta  |   File ""<frozen importlib._bootstrap>"", line 1395, in _gcd_import"
"2026-07-08 12:59:34","web_eventosmeta  |   File ""<frozen importlib._bootstrap>"", line 1360, in _find_and_load"
"2026-07-08 12:59:34","web_eventosmeta  |   File ""<frozen importlib._bootstrap>"", line 1331, in _find_and_load_unlocked"
"2026-07-08 12:59:34","web_eventosmeta  |   File ""<frozen importlib._bootstrap>"", line 935, in _load_unlocked"
"2026-07-08 12:59:34","web_eventosmeta  |   File ""<frozen importlib._bootstrap_external>"", line 1023, in exec_module"
"2026-07-08 12:59:34","web_eventosmeta  |   File ""<frozen importlib._bootstrap>"", line 488, in _call_with_frames_removed"
"2026-07-08 12:59:34","web_eventosmeta  |   File ""/app/config/settings.py"", line 282, in <module>"
"2026-07-08 12:59:34","web_eventosmeta  |     EOF"
"2026-07-08 12:59:34","web_eventosmeta  | NameError: name 'EOF' is not defined"
"2026-07-08 12:59:34","web_eventosmeta  | Aguardando PostgreSQL ficar pronto..."
"2026-07-08 12:59:34","web_eventosmeta  | Executando migrations..."
"2026-07-08 12:59:34","web_eventosmeta  | Traceback (most recent call last):"
"2026-07-08 12:59:34","web_eventosmeta  |   File ""/app/manage.py"", line 22, in <module>"
"2026-07-08 12:59:34","web_eventosmeta  |     main()"
"2026-07-08 12:59:34","web_eventosmeta  |     ~~~~^^"
"2026-07-08 12:59:34","web_eventosmeta  |   File ""/app/manage.py"", line 18, in main"
"2026-07-08 12:59:34","web_eventosmeta  |     execute_from_command_line(sys.argv)"
"2026-07-08 12:59:34","web_eventosmeta  |     ~~~~~~~~~~~~~~~~~~~~~~~~~^^^^^^^^^^"
"2026-07-08 12:59:34","web_eventosmeta  |   File ""/usr/local/lib/python3.13/site-packages/django/core/management/__init__.py"", line 442, in execute_from_command_line"
"2026-07-08 12:59:34","web_eventosmeta  |     utility.execute()"
"2026-07-08 12:59:34","web_eventosmeta  |     ~~~~~~~~~~~~~~~^^"
"2026-07-08 12:59:34","web_eventosmeta  |   File ""/usr/local/lib/python3.13/site-packages/django/core/management/__init__.py"", line 382, in execute"
"2026-07-08 12:59:34","web_eventosmeta  |     settings.INSTALLED_APPS"
"2026-07-08 12:59:34","web_eventosmeta  |   File ""/usr/local/lib/python3.13/site-packages/django/conf/__init__.py"", line 81, in __getattr__"
"2026-07-08 12:59:34","web_eventosmeta  |     self._setup(name)"
"2026-07-08 12:59:34","web_eventosmeta  |     ~~~~~~~~~~~^^^^^^"
"2026-07-08 12:59:34","web_eventosmeta  |   File ""/usr/local/lib/python3.13/site-packages/django/conf/__init__.py"", line 68, in _setup"
"2026-07-08 12:59:34","web_eventosmeta  |     self._wrapped = Settings(settings_module)"
"2026-07-08 12:59:34","web_eventosmeta  |                     ~~~~~~~~^^^^^^^^^^^^^^^^^"
"2026-07-08 12:59:34","web_eventosmeta  |   File ""/usr/local/lib/python3.13/site-packages/django/conf/__init__.py"", line 166, in __init__"
"2026-07-08 12:59:34","web_eventosmeta  |     mod = importlib.import_module(self.SETTINGS_MODULE)"
"2026-07-08 12:59:34","web_eventosmeta  |   File ""/usr/local/lib/python3.13/importlib/__init__.py"", line 88, in import_module"
"2026-07-08 12:59:34","web_eventosmeta  |     return _bootstrap._gcd_import(name[level:], package, level)"
"2026-07-08 12:59:34","web_eventosmeta  |            ~~~~~~~~~~~~~~~~~~~~~~^^^^^^^^^^^^^^^^^^^^^^^^^^^^^^"
"2026-07-08 12:59:34","web_eventosmeta  |   File ""<frozen importlib._bootstrap>"", line 1395, in _gcd_import"
"2026-07-08 12:59:34","web_eventosmeta  |   File ""<frozen importlib._bootstrap>"", line 1360, in _find_and_load"
"2026-07-08 12:59:34","web_eventosmeta  |   File ""<frozen importlib._bootstrap>"", line 1331, in _find_and_load_unlocked"
"2026-07-08 12:59:34","web_eventosmeta  |   File ""<frozen importlib._bootstrap>"", line 935, in _load_unlocked"
"2026-07-08 12:59:34","web_eventosmeta  |   File ""<frozen importlib._bootstrap_external>"", line 1023, in exec_module"
"2026-07-08 12:59:34","web_eventosmeta  |   File ""<frozen importlib._bootstrap>"", line 488, in _call_with_frames_removed"
"2026-07-08 12:59:34","web_eventosmeta  |   File ""/app/config/settings.py"", line 282, in <module>"
"2026-07-08 12:59:34","web_eventosmeta  |     EOF"
"2026-07-08 12:59:34","web_eventosmeta  | NameError: name 'EOF' is not defined"
"2026-07-08 12:59:34","web_eventosmeta  | Aguardando PostgreSQL ficar pronto..."
"2026-07-08 12:59:34","web_eventosmeta  | Executando migrations..."
"2026-07-08 12:59:34","web_eventosmeta  | Traceback (most recent call last):"
"2026-07-08 12:59:34","web_eventosmeta  |   File ""/app/manage.py"", line 22, in <module>"
"2026-07-08 12:59:34","web_eventosmeta  |     main()"
"2026-07-08 12:59:34","web_eventosmeta  |     ~~~~^^"
"2026-07-08 12:59:34","web_eventosmeta  |   File ""/app/manage.py"", line 18, in main"
"2026-07-08 12:59:34","web_eventosmeta  |     execute_from_command_line(sys.argv)"
"2026-07-08 12:59:34","web_eventosmeta  |     ~~~~~~~~~~~~~~~~~~~~~~~~~^^^^^^^^^^"
"2026-07-08 12:59:34","web_eventosmeta  |   File ""/usr/local/lib/python3.13/site-packages/django/core/management/__init__.py"", line 442, in execute_from_command_line"
"2026-07-08 12:59:34","web_eventosmeta  |     utility.execute()"
"2026-07-08 12:59:34","web_eventosmeta  |     ~~~~~~~~~~~~~~~^^"
"2026-07-08 12:59:34","web_eventosmeta  |   File ""/usr/local/lib/python3.13/site-packages/django/core/management/__init__.py"", line 382, in execute"
"2026-07-08 12:59:34","web_eventosmeta  |     settings.INSTALLED_APPS"
"2026-07-08 12:59:34","web_eventosmeta  |   File ""/usr/local/lib/python3.13/site-packages/django/conf/__init__.py"", line 81, in __getattr__"
"2026-07-08 12:59:34","web_eventosmeta  |     self._setup(name)"
"2026-07-08 12:59:34","web_eventosmeta  |     ~~~~~~~~~~~^^^^^^"
"2026-07-08 12:59:34","web_eventosmeta  |   File ""/usr/local/lib/python3.13/site-packages/django/conf/__init__.py"", line 68, in _setup"
"2026-07-08 12:59:34","web_eventosmeta  |     self._wrapped = Settings(settings_module)"
"2026-07-08 12:59:34","web_eventosmeta  |                     ~~~~~~~~^^^^^^^^^^^^^^^^^"
"2026-07-08 12:59:34","web_eventosmeta  |   File ""/usr/local/lib/python3.13/site-packages/django/conf/__init__.py"", line 166, in __init__"
"2026-07-08 12:59:34","web_eventosmeta  |     mod = importlib.import_module(self.SETTINGS_MODULE)"
"2026-07-08 12:59:34","web_eventosmeta  |   File ""/usr/local/lib/python3.13/importlib/__init__.py"", line 88, in import_module"
"2026-07-08 12:59:34","web_eventosmeta  |     return _bootstrap._gcd_import(name[level:], package, level)"
"2026-07-08 12:59:34","web_eventosmeta  |            ~~~~~~~~~~~~~~~~~~~~~~^^^^^^^^^^^^^^^^^^^^^^^^^^^^^^"
"2026-07-08 12:59:34","web_eventosmeta  |   File ""<frozen importlib._bootstrap>"", line 1395, in _gcd_import"
"2026-07-08 12:59:34","web_eventosmeta  |   File ""<frozen importlib._bootstrap>"", line 1360, in _find_and_load"
"2026-07-08 12:59:34","web_eventosmeta  |   File ""<frozen importlib._bootstrap>"", line 1331, in _find_and_load_unlocked"
"2026-07-08 12:59:34","web_eventosmeta  |   File ""<frozen importlib._bootstrap>"", line 935, in _load_unlocked"
"2026-07-08 12:59:34","web_eventosmeta  |   File ""<frozen importlib._bootstrap_external>"", line 1023, in exec_module"
"2026-07-08 12:59:34","web_eventosmeta  |   File ""<frozen importlib._bootstrap>"", line 488, in _call_with_frames_removed"
"2026-07-08 12:59:34","web_eventosmeta  |   File ""/app/config/settings.py"", line 282, in <module>"
"2026-07-08 12:59:34","web_eventosmeta  |     EOF"
"2026-07-08 12:59:34","web_eventosmeta  | NameError: name 'EOF' is not defined"
"2026-07-08 12:59:34","web_eventosmeta  | Aguardando PostgreSQL ficar pronto..."
"2026-07-08 12:59:34","web_eventosmeta  | Executando migrations..."
"2026-07-08 12:59:34","web_eventosmeta  | Traceback (most recent call last):"
"2026-07-08 12:59:34","web_eventosmeta  |   File ""/app/manage.py"", line 22, in <module>"
"2026-07-08 12:59:34","web_eventosmeta  |     main()"
"2026-07-08 12:59:34","web_eventosmeta  |     ~~~~^^"
"2026-07-08 12:59:34","web_eventosmeta  |   File ""/app/manage.py"", line 18, in main"
"2026-07-08 12:59:34","web_eventosmeta  |     execute_from_command_line(sys.argv)"
"2026-07-08 12:59:34","web_eventosmeta  |     ~~~~~~~~~~~~~~~~~~~~~~~~~^^^^^^^^^^"
"2026-07-08 12:59:34","web_eventosmeta  |   File ""/usr/local/lib/python3.13/site-packages/django/core/management/__init__.py"", line 442, in execute_from_command_line"
"2026-07-08 12:59:34","web_eventosmeta  |     utility.execute()"
"2026-07-08 12:59:34","web_eventosmeta  |     ~~~~~~~~~~~~~~~^^"
"2026-07-08 12:59:34","web_eventosmeta  |   File ""/usr/local/lib/python3.13/site-packages/django/core/management/__init__.py"", line 382, in execute"
"2026-07-08 12:59:34","web_eventosmeta  |     settings.INSTALLED_APPS"
"2026-07-08 12:59:34","web_eventosmeta  |   File ""/usr/local/lib/python3.13/site-packages/django/conf/__init__.py"", line 81, in __getattr__"
"2026-07-08 12:59:34","web_eventosmeta  |     self._setup(name)"
"2026-07-08 12:59:34","web_eventosmeta  |     ~~~~~~~~~~~^^^^^^"
"2026-07-08 12:59:34","web_eventosmeta  |   File ""/usr/local/lib/python3.13/site-packages/django/conf/__init__.py"", line 68, in _setup"
"2026-07-08 12:59:34","web_eventosmeta  |     self._wrapped = Settings(settings_module)"
"2026-07-08 12:59:34","web_eventosmeta  |                     ~~~~~~~~^^^^^^^^^^^^^^^^^"
"2026-07-08 12:59:34","web_eventosmeta  |   File ""/usr/local/lib/python3.13/site-packages/django/conf/__init__.py"", line 166, in __init__"
"2026-07-08 12:59:34","web_eventosmeta  |     mod = importlib.import_module(self.SETTINGS_MODULE)"
"2026-07-08 12:59:34","web_eventosmeta  |   File ""/usr/local/lib/python3.13/importlib/__init__.py"", line 88, in import_module"
"2026-07-08 12:59:34","web_eventosmeta  |     return _bootstrap._gcd_import(name[level:], package, level)"
"2026-07-08 12:59:34","web_eventosmeta  |            ~~~~~~~~~~~~~~~~~~~~~~^^^^^^^^^^^^^^^^^^^^^^^^^^^^^^"
"2026-07-08 12:59:34","web_eventosmeta  |   File ""<frozen importlib._bootstrap>"", line 1395, in _gcd_import"
"2026-07-08 12:59:34","web_eventosmeta  |   File ""<frozen importlib._bootstrap>"", line 1360, in _find_and_load"
"2026-07-08 12:59:34","web_eventosmeta  |   File ""<frozen importlib._bootstrap>"", line 1331, in _find_and_load_unlocked"
"2026-07-08 12:59:34","web_eventosmeta  |   File ""<frozen importlib._bootstrap>"", line 935, in _load_unlocked"
"2026-07-08 12:59:34","web_eventosmeta  |   File ""<frozen importlib._bootstrap_external>"", line 1023, in exec_module"
"2026-07-08 12:59:34","web_eventosmeta  |   File ""<frozen importlib._bootstrap>"", line 488, in _call_with_frames_removed"
"2026-07-08 12:59:34","web_eventosmeta  |   File ""/app/config/settings.py"", line 282, in <module>"
"2026-07-08 12:59:34","web_eventosmeta  |     EOF"
"2026-07-08 12:59:34","web_eventosmeta  | NameError: name 'EOF' is not defined"
"2026-07-08 12:59:34","web_eventosmeta  | Aguardando PostgreSQL ficar pronto..."
"2026-07-08 12:59:34","web_eventosmeta  | Executando migrations..."
"2026-07-08 12:59:34","web_eventosmeta  | Traceback (most recent call last):"
"2026-07-08 12:59:34","web_eventosmeta  |   File ""/app/manage.py"", line 22, in <module>"
"2026-07-08 12:59:34","web_eventosmeta  |     main()"
"2026-07-08 12:59:34","web_eventosmeta  |     ~~~~^^"
"2026-07-08 12:59:34","web_eventosmeta  |   File ""/app/manage.py"", line 18, in main"
"2026-07-08 12:59:34","web_eventosmeta  |     execute_from_command_line(sys.argv)"
"2026-07-08 12:59:34","web_eventosmeta  |     ~~~~~~~~~~~~~~~~~~~~~~~~~^^^^^^^^^^"
"2026-07-08 12:59:34","web_eventosmeta  |   File ""/usr/local/lib/python3.13/site-packages/django/core/management/__init__.py"", line 442, in execute_from_command_line"
"2026-07-08 12:59:34","web_eventosmeta  |     utility.execute()"
"2026-07-08 12:59:34","web_eventosmeta  |     ~~~~~~~~~~~~~~~^^"
"2026-07-08 12:59:34","web_eventosmeta  |   File ""/usr/local/lib/python3.13/site-packages/django/core/management/__init__.py"", line 382, in execute"
"2026-07-08 12:59:34","web_eventosmeta  |     settings.INSTALLED_APPS"
"2026-07-08 12:59:34","web_eventosmeta  |   File ""/usr/local/lib/python3.13/site-packages/django/conf/__init__.py"", line 81, in __getattr__"
"2026-07-08 12:59:34","web_eventosmeta  |     self._setup(name)"
"2026-07-08 12:59:34","web_eventosmeta  |     ~~~~~~~~~~~^^^^^^"
"2026-07-08 12:59:34","web_eventosmeta  |   File ""/usr/local/lib/python3.13/site-packages/django/conf/__init__.py"", line 68, in _setup"
"2026-07-08 12:59:34","web_eventosmeta  |     self._wrapped = Settings(settings_module)"
"2026-07-08 12:59:34","web_eventosmeta  |                     ~~~~~~~~^^^^^^^^^^^^^^^^^"
"2026-07-08 12:59:34","web_eventosmeta  |   File ""/usr/local/lib/python3.13/site-packages/django/conf/__init__.py"", line 166, in __init__"
"2026-07-08 12:59:34","web_eventosmeta  |     mod = importlib.import_module(self.SETTINGS_MODULE)"
"2026-07-08 12:59:34","web_eventosmeta  |   File ""/usr/local/lib/python3.13/importlib/__init__.py"", line 88, in import_module"
"2026-07-08 12:59:34","web_eventosmeta  |     return _bootstrap._gcd_import(name[level:], package, level)"
"2026-07-08 12:59:34","web_eventosmeta  |            ~~~~~~~~~~~~~~~~~~~~~~^^^^^^^^^^^^^^^^^^^^^^^^^^^^^^"
"2026-07-08 12:59:34","web_eventosmeta  |   File ""<frozen importlib._bootstrap>"", line 1395, in _gcd_import"
"2026-07-08 12:59:34","web_eventosmeta  |   File ""<frozen importlib._bootstrap>"", line 1360, in _find_and_load"
"2026-07-08 12:59:34","web_eventosmeta  |   File ""<frozen importlib._bootstrap>"", line 1331, in _find_and_load_unlocked"
"2026-07-08 12:59:34","web_eventosmeta  |   File ""<frozen importlib._bootstrap>"", line 935, in _load_unlocked"
"2026-07-08 12:59:34","web_eventosmeta  |   File ""<frozen importlib._bootstrap_external>"", line 1023, in exec_module"
"2026-07-08 12:59:34","web_eventosmeta  |   File ""<frozen importlib._bootstrap>"", line 488, in _call_with_frames_removed"
"2026-07-08 12:59:34","web_eventosmeta  |   File ""/app/config/settings.py"", line 282, in <module>"
"2026-07-08 12:59:34","web_eventosmeta  |     EOF"
"2026-07-08 12:59:34","web_eventosmeta  | NameError: name 'EOF' is not defined"
"2026-07-08 12:59:34","web_eventosmeta  | Aguardando PostgreSQL ficar pronto..."
"2026-07-08 12:59:34","web_eventosmeta  | Executando migrations..."
"2026-07-08 12:59:34","web_eventosmeta  | Traceback (most recent call last):"
"2026-07-08 12:59:34","web_eventosmeta  |   File ""/app/manage.py"", line 22, in <module>"
"2026-07-08 12:59:34","web_eventosmeta  |     main()"
"2026-07-08 12:59:34","web_eventosmeta  |     ~~~~^^"
"2026-07-08 12:59:34","web_eventosmeta  |   File ""/app/manage.py"", line 18, in main"
"2026-07-08 12:59:34","web_eventosmeta  |     execute_from_command_line(sys.argv)"
"2026-07-08 12:59:34","web_eventosmeta  |     ~~~~~~~~~~~~~~~~~~~~~~~~~^^^^^^^^^^"
"2026-07-08 12:59:34","web_eventosmeta  |   File ""/usr/local/lib/python3.13/site-packages/django/core/management/__init__.py"", line 442, in execute_from_command_line"
"2026-07-08 12:59:34","web_eventosmeta  |     utility.execute()"
"2026-07-08 12:59:34","web_eventosmeta  |     ~~~~~~~~~~~~~~~^^"
"2026-07-08 12:59:34","web_eventosmeta  |   File ""/usr/local/lib/python3.13/site-packages/django/core/management/__init__.py"", line 382, in execute"
"2026-07-08 12:59:34","web_eventosmeta  |     settings.INSTALLED_APPS"
"2026-07-08 12:59:34","web_eventosmeta  |   File ""/usr/local/lib/python3.13/site-packages/django/conf/__init__.py"", line 81, in __getattr__"
"2026-07-08 12:59:34","web_eventosmeta  |     self._setup(name)"
"2026-07-08 12:59:34","web_eventosmeta  |     ~~~~~~~~~~~^^^^^^"
"2026-07-08 12:59:34","web_eventosmeta  |   File ""/usr/local/lib/python3.13/site-packages/django/conf/__init__.py"", line 68, in _setup"
"2026-07-08 12:59:34","web_eventosmeta  |     self._wrapped = Settings(settings_module)"
"2026-07-08 12:59:34","web_eventosmeta  |                     ~~~~~~~~^^^^^^^^^^^^^^^^^"
"2026-07-08 12:59:34","web_eventosmeta  |   File ""/usr/local/lib/python3.13/site-packages/django/conf/__init__.py"", line 166, in __init__"
"2026-07-08 12:59:34","web_eventosmeta  |     mod = importlib.import_module(self.SETTINGS_MODULE)"
"2026-07-08 12:59:34","web_eventosmeta  |   File ""/usr/local/lib/python3.13/importlib/__init__.py"", line 88, in import_module"
"2026-07-08 12:59:34","web_eventosmeta  |     return _bootstrap._gcd_import(name[level:], package, level)"
"2026-07-08 12:59:34","web_eventosmeta  |            ~~~~~~~~~~~~~~~~~~~~~~^^^^^^^^^^^^^^^^^^^^^^^^^^^^^^"
"2026-07-08 12:59:34","web_eventosmeta  |   File ""<frozen importlib._bootstrap>"", line 1395, in _gcd_import"
"2026-07-08 12:59:34","web_eventosmeta  |   File ""<frozen importlib._bootstrap>"", line 1360, in _find_and_load"
"2026-07-08 12:59:34","web_eventosmeta  |   File ""<frozen importlib._bootstrap>"", line 1331, in _find_and_load_unlocked"
"2026-07-08 12:59:34","web_eventosmeta  |   File ""<frozen importlib._bootstrap>"", line 935, in _load_unlocked"
"2026-07-08 12:59:34","web_eventosmeta  |   File ""<frozen importlib._bootstrap_external>"", line 1023, in exec_module"
"2026-07-08 12:59:34","web_eventosmeta  |   File ""<frozen importlib._bootstrap>"", line 488, in _call_with_frames_removed"
"2026-07-08 12:59:34","web_eventosmeta  |   File ""/app/config/settings.py"", line 282, in <module>"
"2026-07-08 12:59:34","web_eventosmeta  |     EOF"
"2026-07-08 12:59:34","web_eventosmeta  | NameError: name 'EOF' is not defined"
"2026-07-08 12:59:34","web_eventosmeta  | Aguardando PostgreSQL ficar pronto..."
"2026-07-08 12:59:34","web_eventosmeta  | Executando migrations..."
"2026-07-08 12:59:34","web_eventosmeta  | Traceback (most recent call last):"
"2026-07-08 12:59:34","web_eventosmeta  |   File ""/app/manage.py"", line 22, in <module>"
"2026-07-08 12:59:34","web_eventosmeta  |     main()"
"2026-07-08 12:59:34","web_eventosmeta  |     ~~~~^^"
"2026-07-08 12:59:34","web_eventosmeta  |   File ""/app/manage.py"", line 18, in main"
"2026-07-08 12:59:34","web_eventosmeta  |     execute_from_command_line(sys.argv)"
"2026-07-08 12:59:34","web_eventosmeta  |     ~~~~~~~~~~~~~~~~~~~~~~~~~^^^^^^^^^^"
"2026-07-08 12:59:34","web_eventosmeta  |   File ""/usr/local/lib/python3.13/site-packages/django/core/management/__init__.py"", line 442, in execute_from_command_line"
"2026-07-08 12:59:34","web_eventosmeta  |     utility.execute()"
"2026-07-08 12:59:34","web_eventosmeta  |     ~~~~~~~~~~~~~~~^^"
"2026-07-08 12:59:34","web_eventosmeta  |   File ""/usr/local/lib/python3.13/site-packages/django/core/management/__init__.py"", line 382, in execute"
"2026-07-08 12:59:34","web_eventosmeta  |     settings.INSTALLED_APPS"
"2026-07-08 12:59:34","web_eventosmeta  |   File ""/usr/local/lib/python3.13/site-packages/django/conf/__init__.py"", line 81, in __getattr__"
"2026-07-08 12:59:34","web_eventosmeta  |     self._setup(name)"
"2026-07-08 12:59:34","web_eventosmeta  |     ~~~~~~~~~~~^^^^^^"
"2026-07-08 12:59:34","web_eventosmeta  |   File ""/usr/local/lib/python3.13/site-packages/django/conf/__init__.py"", line 68, in _setup"
"2026-07-08 12:59:34","web_eventosmeta  |     self._wrapped = Settings(settings_module)"
"2026-07-08 12:59:34","web_eventosmeta  |                     ~~~~~~~~^^^^^^^^^^^^^^^^^"
"2026-07-08 12:59:34","web_eventosmeta  |   File ""/usr/local/lib/python3.13/site-packages/django/conf/__init__.py"", line 166, in __init__"
"2026-07-08 12:59:34","web_eventosmeta  |     mod = importlib.import_module(self.SETTINGS_MODULE)"
"2026-07-08 12:59:34","web_eventosmeta  |   File ""/usr/local/lib/python3.13/importlib/__init__.py"", line 88, in import_module"
"2026-07-08 12:59:34","web_eventosmeta  |     return _bootstrap._gcd_import(name[level:], package, level)"
"2026-07-08 12:59:34","web_eventosmeta  |            ~~~~~~~~~~~~~~~~~~~~~~^^^^^^^^^^^^^^^^^^^^^^^^^^^^^^"
"2026-07-08 12:59:34","web_eventosmeta  |   File ""<frozen importlib._bootstrap>"", line 1395, in _gcd_import"
"2026-07-08 12:59:34","web_eventosmeta  |   File ""<frozen importlib._bootstrap>"", line 1360, in _find_and_load"
"2026-07-08 12:59:34","web_eventosmeta  |   File ""<frozen importlib._bootstrap>"", line 1331, in _find_and_load_unlocked"
"2026-07-08 12:59:34","web_eventosmeta  |   File ""<frozen importlib._bootstrap>"", line 935, in _load_unlocked"
"2026-07-08 12:59:34","web_eventosmeta  |   File ""<frozen importlib._bootstrap_external>"", line 1023, in exec_module"
"2026-07-08 12:59:34","web_eventosmeta  |   File ""<frozen importlib._bootstrap>"", line 488, in _call_with_frames_removed"
"2026-07-08 12:59:34","web_eventosmeta  |   File ""/app/config/settings.py"", line 282, in <module>"
"2026-07-08 12:59:34","web_eventosmeta  |     EOF"
"2026-07-08 12:59:34","web_eventosmeta  | NameError: name 'EOF' is not defined"
"2026-07-08 12:59:34","web_eventosmeta  | Aguardando PostgreSQL ficar pronto..."
"2026-07-08 12:59:34","web_eventosmeta  | Executando migrations..."
"2026-07-08 12:59:34","web_eventosmeta  | Traceback (most recent call last):"
"2026-07-08 12:59:34","web_eventosmeta  |   File ""/app/manage.py"", line 22, in <module>"
"2026-07-08 12:59:34","web_eventosmeta  |     main()"
"2026-07-08 12:59:34","web_eventosmeta  |     ~~~~^^"
"2026-07-08 12:59:34","web_eventosmeta  |   File ""/app/manage.py"", line 18, in main"
"2026-07-08 12:59:34","web_eventosmeta  |     execute_from_command_line(sys.argv)"
"2026-07-08 12:59:34","web_eventosmeta  |     ~~~~~~~~~~~~~~~~~~~~~~~~~^^^^^^^^^^"
"2026-07-08 12:59:34","web_eventosmeta  |   File ""/usr/local/lib/python3.13/site-packages/django/core/management/__init__.py"", line 442, in execute_from_command_line"
"2026-07-08 12:59:34","web_eventosmeta  |     utility.execute()"
"2026-07-08 12:59:34","web_eventosmeta  |     ~~~~~~~~~~~~~~~^^"
"2026-07-08 12:59:34","web_eventosmeta  |   File ""/usr/local/lib/python3.13/site-packages/django/core/management/__init__.py"", line 382, in execute"
"2026-07-08 12:59:34","web_eventosmeta  |     settings.INSTALLED_APPS"
"2026-07-08 12:59:34","web_eventosmeta  |   File ""/usr/local/lib/python3.13/site-packages/django/conf/__init__.py"", line 81, in __getattr__"
"2026-07-08 12:59:34","web_eventosmeta  |     self._setup(name)"
"2026-07-08 12:59:34","web_eventosmeta  |     ~~~~~~~~~~~^^^^^^"
"2026-07-08 12:59:34","web_eventosmeta  |   File ""/usr/local/lib/python3.13/site-packages/django/conf/__init__.py"", line 68, in _setup"
"2026-07-08 12:59:34","web_eventosmeta  |     self._wrapped = Settings(settings_module)"
"2026-07-08 12:59:34","web_eventosmeta  |                     ~~~~~~~~^^^^^^^^^^^^^^^^^"
"2026-07-08 12:59:34","web_eventosmeta  |   File ""/usr/local/lib/python3.13/site-packages/django/conf/__init__.py"", line 166, in __init__"
"2026-07-08 12:59:34","web_eventosmeta  |     mod = importlib.import_module(self.SETTINGS_MODULE)"
"2026-07-08 12:59:34","web_eventosmeta  |   File ""/usr/local/lib/python3.13/importlib/__init__.py"", line 88, in import_module"
"2026-07-08 12:59:34","web_eventosmeta  |     return _bootstrap._gcd_import(name[level:], package, level)"
"2026-07-08 12:59:34","web_eventosmeta  |            ~~~~~~~~~~~~~~~~~~~~~~^^^^^^^^^^^^^^^^^^^^^^^^^^^^^^"
"2026-07-08 12:59:34","web_eventosmeta  |   File ""<frozen importlib._bootstrap>"", line 1395, in _gcd_import"
"2026-07-08 12:59:34","web_eventosmeta  |   File ""<frozen importlib._bootstrap>"", line 1360, in _find_and_load"
"2026-07-08 12:59:34","web_eventosmeta  |   File ""<frozen importlib._bootstrap>"", line 1331, in _find_and_load_unlocked"
"2026-07-08 12:59:34","web_eventosmeta  |   File ""<frozen importlib._bootstrap>"", line 935, in _load_unlocked"
"2026-07-08 12:59:34","web_eventosmeta  |   File ""<frozen importlib._bootstrap_external>"", line 1023, in exec_module"
"2026-07-08 12:59:34","web_eventosmeta  |   File ""<frozen importlib._bootstrap>"", line 488, in _call_with_frames_removed"
"2026-07-08 12:59:34","web_eventosmeta  |   File ""/app/config/settings.py"", line 282, in <module>"
"2026-07-08 12:59:34","web_eventosmeta  |     EOF"
"2026-07-08 12:59:34","web_eventosmeta  | NameError: name 'EOF' is not defined"
"2026-07-08 12:59:34","web_eventosmeta  | Aguardando PostgreSQL ficar pronto..."
"2026-07-08 12:59:34","web_eventosmeta  | Executando migrations..."
"2026-07-08 12:59:34","web_eventosmeta  | Traceback (most recent call last):"
"2026-07-08 12:59:34","web_eventosmeta  |   File ""/app/manage.py"", line 22, in <module>"
"2026-07-08 12:59:34","web_eventosmeta  |     main()"
"2026-07-08 12:59:34","web_eventosmeta  |     ~~~~^^"
"2026-07-08 12:59:34","web_eventosmeta  |   File ""/app/manage.py"", line 18, in main"
"2026-07-08 12:59:34","web_eventosmeta  |     execute_from_command_line(sys.argv)"
"2026-07-08 12:59:34","web_eventosmeta  |     ~~~~~~~~~~~~~~~~~~~~~~~~~^^^^^^^^^^"
"2026-07-08 12:59:34","web_eventosmeta  |   File ""/usr/local/lib/python3.13/site-packages/django/core/management/__init__.py"", line 442, in execute_from_command_line"
"2026-07-08 12:59:34","web_eventosmeta  |     utility.execute()"
"2026-07-08 12:59:34","web_eventosmeta  |     ~~~~~~~~~~~~~~~^^"
"2026-07-08 12:59:34","web_eventosmeta  |   File ""/usr/local/lib/python3.13/site-packages/django/core/management/__init__.py"", line 382, in execute"
"2026-07-08 12:59:34","web_eventosmeta  |     settings.INSTALLED_APPS"
"2026-07-08 12:59:34","web_eventosmeta  |   File ""/usr/local/lib/python3.13/site-packages/django/conf/__init__.py"", line 81, in __getattr__"
"2026-07-08 12:59:34","web_eventosmeta  |     self._setup(name)"
"2026-07-08 12:59:34","web_eventosmeta  |     ~~~~~~~~~~~^^^^^^"
"2026-07-08 12:59:34","web_eventosmeta  |   File ""/usr/local/lib/python3.13/site-packages/django/conf/__init__.py"", line 68, in _setup"
"2026-07-08 12:59:34","web_eventosmeta  |     self._wrapped = Settings(settings_module)"
"2026-07-08 12:59:34","web_eventosmeta  |                     ~~~~~~~~^^^^^^^^^^^^^^^^^"
"2026-07-08 12:59:34","web_eventosmeta  |   File ""/usr/local/lib/python3.13/site-packages/django/conf/__init__.py"", line 166, in __init__"
"2026-07-08 12:59:34","web_eventosmeta  |     mod = importlib.import_module(self.SETTINGS_MODULE)"
"2026-07-08 12:59:34","web_eventosmeta  |   File ""/usr/local/lib/python3.13/importlib/__init__.py"", line 88, in import_module"
"2026-07-08 12:59:34","web_eventosmeta  |     return _bootstrap._gcd_import(name[level:], package, level)"
"2026-07-08 12:59:34","web_eventosmeta  |            ~~~~~~~~~~~~~~~~~~~~~~^^^^^^^^^^^^^^^^^^^^^^^^^^^^^^"
"2026-07-08 12:59:34","web_eventosmeta  |   File ""<frozen importlib._bootstrap>"", line 1395, in _gcd_import"
"2026-07-08 12:59:34","web_eventosmeta  |   File ""<frozen importlib._bootstrap>"", line 1360, in _find_and_load"
"2026-07-08 12:59:34","web_eventosmeta  |   File ""<frozen importlib._bootstrap>"", line 1331, in _find_and_load_unlocked"
"2026-07-08 12:59:34","web_eventosmeta  |   File ""<frozen importlib._bootstrap>"", line 935, in _load_unlocked"
"2026-07-08 12:59:34","web_eventosmeta  |   File ""<frozen importlib._bootstrap_external>"", line 1023, in exec_module"
"2026-07-08 12:59:34","web_eventosmeta  |   File ""<frozen importlib._bootstrap>"", line 488, in _call_with_frames_removed"
"2026-07-08 12:59:34","web_eventosmeta  |   File ""/app/config/settings.py"", line 282, in <module>"
"2026-07-08 12:59:34","web_eventosmeta  |     EOF"
"2026-07-08 12:59:34","web_eventosmeta  | NameError: name 'EOF' is not defined"
"2026-07-08 12:59:34","web_eventosmeta  | Aguardando PostgreSQL ficar pronto..."
"2026-07-08 12:59:34","web_eventosmeta  | Aguardando PostgreSQL ficar pronto..."
"2026-07-08 12:59:34","web_eventosmeta  | Executando migrations..."
"2026-07-08 12:59:34","web_eventosmeta  | Traceback (most recent call last):"
"2026-07-08 12:59:34","web_eventosmeta  |   File ""/app/manage.py"", line 22, in <module>"
"2026-07-08 12:59:34","web_eventosmeta  |     main()"
"2026-07-08 12:59:34","web_eventosmeta  |     ~~~~^^"
"2026-07-08 12:59:34","web_eventosmeta  |   File ""/app/manage.py"", line 18, in main"
"2026-07-08 12:59:34","web_eventosmeta  |     execute_from_command_line(sys.argv)"
"2026-07-08 12:59:34","web_eventosmeta  |     ~~~~~~~~~~~~~~~~~~~~~~~~~^^^^^^^^^^"
"2026-07-08 12:59:34","web_eventosmeta  |   File ""/usr/local/lib/python3.13/site-packages/django/core/management/__init__.py"", line 442, in execute_from_command_line"
"2026-07-08 12:59:34","web_eventosmeta  |     utility.execute()"
"2026-07-08 12:59:34","web_eventosmeta  |     ~~~~~~~~~~~~~~~^^"
"2026-07-08 12:59:34","web_eventosmeta  |   File ""/usr/local/lib/python3.13/site-packages/django/core/management/__init__.py"", line 382, in execute"
"2026-07-08 12:59:34","web_eventosmeta  |     settings.INSTALLED_APPS"
"2026-07-08 12:59:34","web_eventosmeta  |   File ""/usr/local/lib/python3.13/site-packages/django/conf/__init__.py"", line 81, in __getattr__"
"2026-07-08 12:59:34","web_eventosmeta  |     self._setup(name)"
"2026-07-08 12:59:34","web_eventosmeta  |     ~~~~~~~~~~~^^^^^^"
"2026-07-08 12:59:34","web_eventosmeta  |   File ""/usr/local/lib/python3.13/site-packages/django/conf/__init__.py"", line 68, in _setup"
"2026-07-08 12:59:34","web_eventosmeta  |     self._wrapped = Settings(settings_module)"
"2026-07-08 12:59:34","web_eventosmeta  |                     ~~~~~~~~^^^^^^^^^^^^^^^^^"
"2026-07-08 12:59:34","web_eventosmeta  |   File ""/usr/local/lib/python3.13/site-packages/django/conf/__init__.py"", line 166, in __init__"
"2026-07-08 12:59:34","web_eventosmeta  |     mod = importlib.import_module(self.SETTINGS_MODULE)"
"2026-07-08 12:59:34","web_eventosmeta  |   File ""/usr/local/lib/python3.13/importlib/__init__.py"", line 88, in import_module"
"2026-07-08 12:59:34","web_eventosmeta  |     return _bootstrap._gcd_import(name[level:], package, level)"
"2026-07-08 12:59:34","web_eventosmeta  |            ~~~~~~~~~~~~~~~~~~~~~~^^^^^^^^^^^^^^^^^^^^^^^^^^^^^^"
"2026-07-08 12:59:34","web_eventosmeta  |   File ""<frozen importlib._bootstrap>"", line 1395, in _gcd_import"
"2026-07-08 12:59:34","web_eventosmeta  |   File ""<frozen importlib._bootstrap>"", line 1360, in _find_and_load"
"2026-07-08 12:59:34","web_eventosmeta  |   File ""<frozen importlib._bootstrap>"", line 1331, in _find_and_load_unlocked"
"2026-07-08 12:59:34","web_eventosmeta  |   File ""<frozen importlib._bootstrap>"", line 935, in _load_unlocked"
"2026-07-08 12:59:34","web_eventosmeta  |   File ""<frozen importlib._bootstrap_external>"", line 1023, in exec_module"
"2026-07-08 12:59:34","web_eventosmeta  |   File ""<frozen importlib._bootstrap>"", line 488, in _call_with_frames_removed"
"2026-07-08 12:59:34","web_eventosmeta  |   File ""/app/config/settings.py"", line 282, in <module>"
"2026-07-08 12:59:34","web_eventosmeta  |     EOF"
"2026-07-08 12:59:34","web_eventosmeta  | NameError: name 'EOF' is not defined"
"2026-07-08 12:59:34","web_eventosmeta  | Aguardando PostgreSQL ficar pronto..."
"2026-07-08 12:59:34","web_eventosmeta  | Executando migrations..."
"2026-07-08 12:59:34","web_eventosmeta  | Traceback (most recent call last):"
"2026-07-08 12:59:34","web_eventosmeta  |   File ""/app/manage.py"", line 22, in <module>"
"2026-07-08 12:59:34","web_eventosmeta  |     main()"
"2026-07-08 12:59:34","web_eventosmeta  |     ~~~~^^"
"2026-07-08 12:59:34","web_eventosmeta  |   File ""/app/manage.py"", line 18, in main"
"2026-07-08 12:59:34","web_eventosmeta  |     execute_from_command_line(sys.argv)"
"2026-07-08 12:59:34","web_eventosmeta  |     ~~~~~~~~~~~~~~~~~~~~~~~~~^^^^^^^^^^"
"2026-07-08 12:59:34","web_eventosmeta  |   File ""/usr/local/lib/python3.13/site-packages/django/core/management/__init__.py"", line 442, in execute_from_command_line"
"2026-07-08 12:59:34","web_eventosmeta  |     utility.execute()"
"2026-07-08 12:59:34","web_eventosmeta  |     ~~~~~~~~~~~~~~~^^"
"2026-07-08 12:59:34","web_eventosmeta  |   File ""/usr/local/lib/python3.13/site-packages/django/core/management/__init__.py"", line 382, in execute"
"2026-07-08 12:59:34","web_eventosmeta  |     settings.INSTALLED_APPS"
"2026-07-08 12:59:34","web_eventosmeta  |   File ""/usr/local/lib/python3.13/site-packages/django/conf/__init__.py"", line 81, in __getattr__"
"2026-07-08 12:59:34","web_eventosmeta  |     self._setup(name)"
"2026-07-08 12:59:34","web_eventosmeta  |     ~~~~~~~~~~~^^^^^^"
"2026-07-08 12:59:34","web_eventosmeta  |   File ""/usr/local/lib/python3.13/site-packages/django/conf/__init__.py"", line 68, in _setup"
"2026-07-08 12:59:34","web_eventosmeta  |     self._wrapped = Settings(settings_module)"
"2026-07-08 12:59:34","web_eventosmeta  |                     ~~~~~~~~^^^^^^^^^^^^^^^^^"
"2026-07-08 12:59:34","web_eventosmeta  |   File ""/usr/local/lib/python3.13/site-packages/django/conf/__init__.py"", line 166, in __init__"
"2026-07-08 12:59:34","web_eventosmeta  |     mod = importlib.import_module(self.SETTINGS_MODULE)"
"2026-07-08 12:59:34","web_eventosmeta  |   File ""/usr/local/lib/python3.13/importlib/__init__.py"", line 88, in import_module"
"2026-07-08 12:59:34","web_eventosmeta  |     return _bootstrap._gcd_import(name[level:], package, level)"
"2026-07-08 12:59:34","web_eventosmeta  |            ~~~~~~~~~~~~~~~~~~~~~~^^^^^^^^^^^^^^^^^^^^^^^^^^^^^^"
"2026-07-08 12:59:34","web_eventosmeta  |   File ""<frozen importlib._bootstrap>"", line 1395, in _gcd_import"
"2026-07-08 12:59:34","web_eventosmeta  |   File ""<frozen importlib._bootstrap>"", line 1360, in _find_and_load"
"2026-07-08 12:59:34","web_eventosmeta  |   File ""<frozen importlib._bootstrap>"", line 1331, in _find_and_load_unlocked"
"2026-07-08 12:59:34","web_eventosmeta  |   File ""<frozen importlib._bootstrap>"", line 935, in _load_unlocked"
"2026-07-08 12:59:34","web_eventosmeta  |   File ""<frozen importlib._bootstrap_external>"", line 1023, in exec_module"
"2026-07-08 12:59:34","web_eventosmeta  |   File ""<frozen importlib._bootstrap>"", line 488, in _call_with_frames_removed"
"2026-07-08 12:59:34","web_eventosmeta  |   File ""/app/config/settings.py"", line 282, in <module>"
"2026-07-08 12:59:34","web_eventosmeta  |     EOF"
"2026-07-08 12:59:34","web_eventosmeta  | NameError: name 'EOF' is not defined"
"2026-07-08 12:59:34","web_eventosmeta  | Aguardando PostgreSQL ficar pronto..."
"2026-07-08 12:59:34","web_eventosmeta  | Executando migrations..."
"2026-07-08 12:59:34","web_eventosmeta  | Traceback (most recent call last):"
"2026-07-08 12:59:34","web_eventosmeta  |   File ""/app/manage.py"", line 22, in <module>"
"2026-07-08 12:59:34","web_eventosmeta  |     main()"
"2026-07-08 12:59:34","web_eventosmeta  |     ~~~~^^"
"2026-07-08 12:59:34","web_eventosmeta  |   File ""/app/manage.py"", line 18, in main"
"2026-07-08 12:59:34","web_eventosmeta  |     execute_from_command_line(sys.argv)"
"2026-07-08 12:59:34","web_eventosmeta  |     ~~~~~~~~~~~~~~~~~~~~~~~~~^^^^^^^^^^"
"2026-07-08 12:59:34","web_eventosmeta  |   File ""/usr/local/lib/python3.13/site-packages/django/core/management/__init__.py"", line 442, in execute_from_command_line"
"2026-07-08 12:59:34","web_eventosmeta  |     utility.execute()"
"2026-07-08 12:59:34","web_eventosmeta  |     ~~~~~~~~~~~~~~~^^"
"2026-07-08 12:59:34","web_eventosmeta  |   File ""/usr/local/lib/python3.13/site-packages/django/core/management/__init__.py"", line 382, in execute"
"2026-07-08 12:59:34","web_eventosmeta  |     settings.INSTALLED_APPS"
"2026-07-08 12:59:34","web_eventosmeta  |   File ""/usr/local/lib/python3.13/site-packages/django/conf/__init__.py"", line 81, in __getattr__"
"2026-07-08 12:59:34","web_eventosmeta  |     self._setup(name)"
"2026-07-08 12:59:34","web_eventosmeta  |     ~~~~~~~~~~~^^^^^^"
"2026-07-08 12:59:34","web_eventosmeta  |   File ""/usr/local/lib/python3.13/site-packages/django/conf/__init__.py"", line 68, in _setup"
"2026-07-08 12:59:34","web_eventosmeta  |     self._wrapped = Settings(settings_module)"
"2026-07-08 12:59:34","web_eventosmeta  |                     ~~~~~~~~^^^^^^^^^^^^^^^^^"
"2026-07-08 12:59:34","web_eventosmeta  |   File ""/usr/local/lib/python3.13/site-packages/django/conf/__init__.py"", line 166, in __init__"
"2026-07-08 12:59:34","web_eventosmeta  |     mod = importlib.import_module(self.SETTINGS_MODULE)"
"2026-07-08 12:59:34","web_eventosmeta  |   File ""/usr/local/lib/python3.13/importlib/__init__.py"", line 88, in import_module"
"2026-07-08 12:59:34","web_eventosmeta  |     return _bootstrap._gcd_import(name[level:], package, level)"
"2026-07-08 12:59:34","web_eventosmeta  |            ~~~~~~~~~~~~~~~~~~~~~~^^^^^^^^^^^^^^^^^^^^^^^^^^^^^^"
"2026-07-08 12:59:34","web_eventosmeta  |   File ""<frozen importlib._bootstrap>"", line 1395, in _gcd_import"
"2026-07-08 12:59:34","web_eventosmeta  |   File ""<frozen importlib._bootstrap>"", line 1360, in _find_and_load"
"2026-07-08 12:59:34","web_eventosmeta  |   File ""<frozen importlib._bootstrap>"", line 1331, in _find_and_load_unlocked"
"2026-07-08 12:59:34","web_eventosmeta  |   File ""<frozen importlib._bootstrap>"", line 935, in _load_unlocked"
"2026-07-08 12:59:34","web_eventosmeta  |   File ""<frozen importlib._bootstrap_external>"", line 1023, in exec_module"
"2026-07-08 12:59:34","web_eventosmeta  |   File ""<frozen importlib._bootstrap>"", line 488, in _call_with_frames_removed"
"2026-07-08 12:59:34","web_eventosmeta  |   File ""/app/config/settings.py"", line 282, in <module>"
"2026-07-08 12:59:34","web_eventosmeta  |     EOF"
"2026-07-08 12:59:34","web_eventosmeta  | NameError: name 'EOF' is not defined"
"2026-07-08 12:59:34","web_eventosmeta  | Aguardando PostgreSQL ficar pronto..."
"2026-07-08 12:59:34","web_eventosmeta  | Executando migrations..."
"2026-07-08 12:59:34","web_eventosmeta  | Traceback (most recent call last):"
"2026-07-08 12:59:34","web_eventosmeta  |   File ""/app/manage.py"", line 22, in <module>"
"2026-07-08 12:59:34","web_eventosmeta  |     main()"
"2026-07-08 12:59:34","web_eventosmeta  |     ~~~~^^"
"2026-07-08 12:59:34","web_eventosmeta  |   File ""/app/manage.py"", line 18, in main"
"2026-07-08 12:59:34","web_eventosmeta  |     execute_from_command_line(sys.argv)"
"2026-07-08 12:59:34","web_eventosmeta  |     ~~~~~~~~~~~~~~~~~~~~~~~~~^^^^^^^^^^"
"2026-07-08 12:59:34","web_eventosmeta  |   File ""/usr/local/lib/python3.13/site-packages/django/core/management/__init__.py"", line 442, in execute_from_command_line"
"2026-07-08 12:59:34","web_eventosmeta  |     utility.execute()"
"2026-07-08 12:59:34","web_eventosmeta  |     ~~~~~~~~~~~~~~~^^"
"2026-07-08 12:59:34","web_eventosmeta  |   File ""/usr/local/lib/python3.13/site-packages/django/core/management/__init__.py"", line 382, in execute"
"2026-07-08 12:59:34","web_eventosmeta  |     settings.INSTALLED_APPS"
"2026-07-08 12:59:34","web_eventosmeta  |   File ""/usr/local/lib/python3.13/site-packages/django/conf/__init__.py"", line 81, in __getattr__"
"2026-07-08 12:59:34","web_eventosmeta  |     self._setup(name)"
"2026-07-08 12:59:34","web_eventosmeta  |     ~~~~~~~~~~~^^^^^^"
"2026-07-08 12:59:34","web_eventosmeta  |   File ""/usr/local/lib/python3.13/site-packages/django/conf/__init__.py"", line 68, in _setup"
"2026-07-08 12:59:34","web_eventosmeta  |     self._wrapped = Settings(settings_module)"
"2026-07-08 12:59:34","web_eventosmeta  |                     ~~~~~~~~^^^^^^^^^^^^^^^^^"
"2026-07-08 12:59:34","web_eventosmeta  |   File ""/usr/local/lib/python3.13/site-packages/django/conf/__init__.py"", line 166, in __init__"
"2026-07-08 12:59:34","web_eventosmeta  |     mod = importlib.import_module(self.SETTINGS_MODULE)"
"2026-07-08 12:59:34","web_eventosmeta  |   File ""/usr/local/lib/python3.13/importlib/__init__.py"", line 88, in import_module"
"2026-07-08 12:59:34","web_eventosmeta  |     return _bootstrap._gcd_import(name[level:], package, level)"
"2026-07-08 12:59:34","web_eventosmeta  |            ~~~~~~~~~~~~~~~~~~~~~~^^^^^^^^^^^^^^^^^^^^^^^^^^^^^^"
"2026-07-08 12:59:34","web_eventosmeta  |   File ""<frozen importlib._bootstrap>"", line 1395, in _gcd_import"
"2026-07-08 12:59:34","web_eventosmeta  |   File ""<frozen importlib._bootstrap>"", line 1360, in _find_and_load"
"2026-07-08 12:59:34","web_eventosmeta  |   File ""<frozen importlib._bootstrap>"", line 1331, in _find_and_load_unlocked"
"2026-07-08 12:59:34","web_eventosmeta  |   File ""<frozen importlib._bootstrap>"", line 935, in _load_unlocked"
"2026-07-08 12:59:34","web_eventosmeta  |   File ""<frozen importlib._bootstrap_external>"", line 1023, in exec_module"
"2026-07-08 12:59:34","web_eventosmeta  |   File ""<frozen importlib._bootstrap>"", line 488, in _call_with_frames_removed"
"2026-07-08 12:59:34","web_eventosmeta  |   File ""/app/config/settings.py"", line 282, in <module>"
"2026-07-08 12:59:34","web_eventosmeta  |     EOF"
"2026-07-08 12:59:34","web_eventosmeta  | NameError: name 'EOF' is not defined"
"2026-07-08 12:59:34","web_eventosmeta  | Aguardando PostgreSQL ficar pronto..."
"2026-07-08 12:59:34","web_eventosmeta  | Executando migrations..."
"2026-07-08 12:59:34","web_eventosmeta  | Traceback (most recent call last):"
"2026-07-08 12:59:34","web_eventosmeta  |   File ""/app/manage.py"", line 22, in <module>"
"2026-07-08 12:59:34","web_eventosmeta  |     main()"
"2026-07-08 12:59:34","web_eventosmeta  |     ~~~~^^"
"2026-07-08 12:59:34","web_eventosmeta  |   File ""/app/manage.py"", line 18, in main"
"2026-07-08 12:59:34","web_eventosmeta  |     execute_from_command_line(sys.argv)"
"2026-07-08 12:59:34","web_eventosmeta  |     ~~~~~~~~~~~~~~~~~~~~~~~~~^^^^^^^^^^"
"2026-07-08 12:59:34","web_eventosmeta  |   File ""/usr/local/lib/python3.13/site-packages/django/core/management/__init__.py"", line 442, in execute_from_command_line"
"2026-07-08 12:59:34","web_eventosmeta  |     utility.execute()"
"2026-07-08 12:59:34","web_eventosmeta  |     ~~~~~~~~~~~~~~~^^"
"2026-07-08 12:59:34","web_eventosmeta  |   File ""/usr/local/lib/python3.13/site-packages/django/core/management/__init__.py"", line 382, in execute"
"2026-07-08 12:59:34","web_eventosmeta  |     settings.INSTALLED_APPS"
"2026-07-08 12:59:34","web_eventosmeta  |   File ""/usr/local/lib/python3.13/site-packages/django/conf/__init__.py"", line 81, in __getattr__"
"2026-07-08 12:59:34","web_eventosmeta  |     self._setup(name)"
"2026-07-08 12:59:34","web_eventosmeta  |     ~~~~~~~~~~~^^^^^^"
"2026-07-08 12:59:34","web_eventosmeta  |   File ""/usr/local/lib/python3.13/site-packages/django/conf/__init__.py"", line 68, in _setup"
"2026-07-08 12:59:34","web_eventosmeta  |     self._wrapped = Settings(settings_module)"
"2026-07-08 12:59:34","web_eventosmeta  |                     ~~~~~~~~^^^^^^^^^^^^^^^^^"
"2026-07-08 12:59:34","web_eventosmeta  |   File ""/usr/local/lib/python3.13/site-packages/django/conf/__init__.py"", line 166, in __init__"
"2026-07-08 12:59:34","web_eventosmeta  |     mod = importlib.import_module(self.SETTINGS_MODULE)"
"2026-07-08 12:59:34","web_eventosmeta  |   File ""/usr/local/lib/python3.13/importlib/__init__.py"", line 88, in import_module"
"2026-07-08 12:59:34","web_eventosmeta  |     return _bootstrap._gcd_import(name[level:], package, level)"
"2026-07-08 12:59:34","web_eventosmeta  |            ~~~~~~~~~~~~~~~~~~~~~~^^^^^^^^^^^^^^^^^^^^^^^^^^^^^^"
"2026-07-08 12:59:34","web_eventosmeta  |   File ""<frozen importlib._bootstrap>"", line 1395, in _gcd_import"
"2026-07-08 12:59:34","web_eventosmeta  |   File ""<frozen importlib._bootstrap>"", line 1360, in _find_and_load"
"2026-07-08 12:59:34","web_eventosmeta  |   File ""<frozen importlib._bootstrap>"", line 1331, in _find_and_load_unlocked"
"2026-07-08 12:59:34","web_eventosmeta  |   File ""<frozen importlib._bootstrap>"", line 935, in _load_unlocked"
"2026-07-08 12:59:34","web_eventosmeta  |   File ""<frozen importlib._bootstrap_external>"", line 1023, in exec_module"
"2026-07-08 12:59:34","web_eventosmeta  |   File ""<frozen importlib._bootstrap>"", line 488, in _call_with_frames_removed"
"2026-07-08 12:59:34","web_eventosmeta  |   File ""/app/config/settings.py"", line 282, in <module>"
"2026-07-08 12:59:34","web_eventosmeta  |     EOF"
"2026-07-08 12:59:34","web_eventosmeta  | NameError: name 'EOF' is not defined"
"2026-07-08 12:59:34","web_eventosmeta  | Aguardando PostgreSQL ficar pronto..."
"2026-07-08 12:59:34","web_eventosmeta  | Executando migrations..."
"2026-07-08 12:59:34","web_eventosmeta  | Traceback (most recent call last):"
"2026-07-08 12:59:34","web_eventosmeta  |   File ""/app/manage.py"", line 22, in <module>"
"2026-07-08 12:59:34","web_eventosmeta  |     main()"
"2026-07-08 12:59:34","web_eventosmeta  |     ~~~~^^"
"2026-07-08 12:59:34","web_eventosmeta  |   File ""/app/manage.py"", line 18, in main"
"2026-07-08 12:59:34","web_eventosmeta  |     execute_from_command_line(sys.argv)"
"2026-07-08 12:59:34","web_eventosmeta  |     ~~~~~~~~~~~~~~~~~~~~~~~~~^^^^^^^^^^"
"2026-07-08 12:59:34","web_eventosmeta  |   File ""/usr/local/lib/python3.13/site-packages/django/core/management/__init__.py"", line 442, in execute_from_command_line"
"2026-07-08 12:59:34","web_eventosmeta  |     utility.execute()"
"2026-07-08 12:59:34","web_eventosmeta  |     ~~~~~~~~~~~~~~~^^"
"2026-07-08 12:59:34","web_eventosmeta  |   File ""/usr/local/lib/python3.13/site-packages/django/core/management/__init__.py"", line 382, in execute"
"2026-07-08 12:59:34","web_eventosmeta  |     settings.INSTALLED_APPS"
"2026-07-08 12:59:34","web_eventosmeta  |   File ""/usr/local/lib/python3.13/site-packages/django/conf/__init__.py"", line 81, in __getattr__"
"2026-07-08 12:59:34","web_eventosmeta  |     self._setup(name)"
"2026-07-08 12:59:34","web_eventosmeta  |     ~~~~~~~~~~~^^^^^^"
"2026-07-08 12:59:34","web_eventosmeta  |   File ""/usr/local/lib/python3.13/site-packages/django/conf/__init__.py"", line 68, in _setup"
"2026-07-08 12:59:34","web_eventosmeta  |     self._wrapped = Settings(settings_module)"
"2026-07-08 12:59:34","web_eventosmeta  |                     ~~~~~~~~^^^^^^^^^^^^^^^^^"
"2026-07-08 12:59:34","web_eventosmeta  |   File ""/usr/local/lib/python3.13/site-packages/django/conf/__init__.py"", line 166, in __init__"
"2026-07-08 12:59:34","web_eventosmeta  |     mod = importlib.import_module(self.SETTINGS_MODULE)"
"2026-07-08 12:59:34","web_eventosmeta  |   File ""/usr/local/lib/python3.13/importlib/__init__.py"", line 88, in import_module"
"2026-07-08 12:59:34","web_eventosmeta  |     return _bootstrap._gcd_import(name[level:], package, level)"
"2026-07-08 12:59:34","web_eventosmeta  |            ~~~~~~~~~~~~~~~~~~~~~~^^^^^^^^^^^^^^^^^^^^^^^^^^^^^^"
"2026-07-08 12:59:34","web_eventosmeta  |   File ""<frozen importlib._bootstrap>"", line 1395, in _gcd_import"
"2026-07-08 12:59:34","web_eventosmeta  |   File ""<frozen importlib._bootstrap>"", line 1360, in _find_and_load"
"2026-07-08 12:59:34","web_eventosmeta  |   File ""<frozen importlib._bootstrap>"", line 1331, in _find_and_load_unlocked"
"2026-07-08 12:59:34","web_eventosmeta  |   File ""<frozen importlib._bootstrap>"", line 935, in _load_unlocked"
"2026-07-08 12:59:34","web_eventosmeta  |   File ""<frozen importlib._bootstrap_external>"", line 1023, in exec_module"
"2026-07-08 12:59:34","web_eventosmeta  |   File ""<frozen importlib._bootstrap>"", line 488, in _call_with_frames_removed"
"2026-07-08 12:59:34","web_eventosmeta  |   File ""/app/config/settings.py"", line 282, in <module>"
"2026-07-08 12:59:34","web_eventosmeta  |     EOF"
"2026-07-08 12:59:34","web_eventosmeta  | NameError: name 'EOF' is not defined"
"2026-07-08 12:59:34","web_eventosmeta  | Aguardando PostgreSQL ficar pronto..."
"2026-07-08 12:59:34","web_eventosmeta  | Executando migrations..."
"2026-07-08 12:59:34","web_eventosmeta  | Traceback (most recent call last):"
"2026-07-08 12:59:34","web_eventosmeta  |   File ""/app/manage.py"", line 22, in <module>"
"2026-07-08 12:59:34","web_eventosmeta  |     main()"
"2026-07-08 12:59:34","web_eventosmeta  |     ~~~~^^"
"2026-07-08 12:59:34","web_eventosmeta  |   File ""/app/manage.py"", line 18, in main"
"2026-07-08 12:59:34","web_eventosmeta  |     execute_from_command_line(sys.argv)"
"2026-07-08 12:59:34","web_eventosmeta  |     ~~~~~~~~~~~~~~~~~~~~~~~~~^^^^^^^^^^"
"2026-07-08 12:59:34","web_eventosmeta  |   File ""/usr/local/lib/python3.13/site-packages/django/core/management/__init__.py"", line 442, in execute_from_command_line"
"2026-07-08 12:59:34","web_eventosmeta  |     utility.execute()"
"2026-07-08 12:59:34","web_eventosmeta  |     ~~~~~~~~~~~~~~~^^"
"2026-07-08 12:59:34","web_eventosmeta  |   File ""/usr/local/lib/python3.13/site-packages/django/core/management/__init__.py"", line 382, in execute"
"2026-07-08 12:59:34","web_eventosmeta  |     settings.INSTALLED_APPS"
"2026-07-08 12:59:34","web_eventosmeta  |   File ""/usr/local/lib/python3.13/site-packages/django/conf/__init__.py"", line 81, in __getattr__"
"2026-07-08 12:59:34","web_eventosmeta  |     self._setup(name)"
"2026-07-08 12:59:34","web_eventosmeta  |     ~~~~~~~~~~~^^^^^^"
"2026-07-08 12:59:34","web_eventosmeta  |   File ""/usr/local/lib/python3.13/site-packages/django/conf/__init__.py"", line 68, in _setup"
"2026-07-08 12:59:34","web_eventosmeta  |     self._wrapped = Settings(settings_module)"
"2026-07-08 12:59:34","web_eventosmeta  |                     ~~~~~~~~^^^^^^^^^^^^^^^^^"
"2026-07-08 12:59:34","web_eventosmeta  |   File ""/usr/local/lib/python3.13/site-packages/django/conf/__init__.py"", line 166, in __init__"
"2026-07-08 12:59:34","web_eventosmeta  |     mod = importlib.import_module(self.SETTINGS_MODULE)"
"2026-07-08 12:59:34","web_eventosmeta  |   File ""/usr/local/lib/python3.13/importlib/__init__.py"", line 88, in import_module"
"2026-07-08 12:59:34","web_eventosmeta  |     return _bootstrap._gcd_import(name[level:], package, level)"
"2026-07-08 12:59:34","web_eventosmeta  |            ~~~~~~~~~~~~~~~~~~~~~~^^^^^^^^^^^^^^^^^^^^^^^^^^^^^^"
"2026-07-08 12:59:34","web_eventosmeta  |   File ""<frozen importlib._bootstrap>"", line 1395, in _gcd_import"
"2026-07-08 12:59:34","web_eventosmeta  |   File ""<frozen importlib._bootstrap>"", line 1360, in _find_and_load"
"2026-07-08 12:59:34","web_eventosmeta  |   File ""<frozen importlib._bootstrap>"", line 1331, in _find_and_load_unlocked"
"2026-07-08 12:59:34","web_eventosmeta  |   File ""<frozen importlib._bootstrap>"", line 935, in _load_unlocked"
"2026-07-08 12:59:34","web_eventosmeta  |   File ""<frozen importlib._bootstrap_external>"", line 1023, in exec_module"
"2026-07-08 12:59:34","web_eventosmeta  |   File ""<frozen importlib._bootstrap>"", line 488, in _call_with_frames_removed"
"2026-07-08 12:59:34","web_eventosmeta  |   File ""/app/config/settings.py"", line 282, in <module>"
"2026-07-08 12:59:34","web_eventosmeta  |     EOF"
"2026-07-08 12:59:34","web_eventosmeta  | NameError: name 'EOF' is not defined"
"2026-07-08 12:59:34","web_eventosmeta  | Aguardando PostgreSQL ficar pronto..."
"2026-07-08 12:59:34","web_eventosmeta  | Executando migrations..."
"2026-07-08 12:59:34","web_eventosmeta  | Traceback (most recent call last):"
"2026-07-08 12:59:34","web_eventosmeta  |   File ""/app/manage.py"", line 22, in <module>"
"2026-07-08 12:59:34","web_eventosmeta  |     main()"
"2026-07-08 12:59:34","web_eventosmeta  |     ~~~~^^"
"2026-07-08 12:59:34","web_eventosmeta  |   File ""/app/manage.py"", line 18, in main"
"2026-07-08 12:59:34","web_eventosmeta  |     execute_from_command_line(sys.argv)"
"2026-07-08 12:59:34","web_eventosmeta  |     ~~~~~~~~~~~~~~~~~~~~~~~~~^^^^^^^^^^"
"2026-07-08 12:59:34","web_eventosmeta  |   File ""/usr/local/lib/python3.13/site-packages/django/core/management/__init__.py"", line 442, in execute_from_command_line"
"2026-07-08 12:59:34","web_eventosmeta  |     utility.execute()"
"2026-07-08 12:59:34","web_eventosmeta  |     ~~~~~~~~~~~~~~~^^"
"2026-07-08 12:59:34","web_eventosmeta  |   File ""/usr/local/lib/python3.13/site-packages/django/core/management/__init__.py"", line 382, in execute"
"2026-07-08 12:59:34","web_eventosmeta  |     settings.INSTALLED_APPS"
"2026-07-08 12:59:34","web_eventosmeta  |   File ""/usr/local/lib/python3.13/site-packages/django/conf/__init__.py"", line 81, in __getattr__"
"2026-07-08 12:59:34","web_eventosmeta  |     self._setup(name)"
"2026-07-08 12:59:34","web_eventosmeta  |     ~~~~~~~~~~~^^^^^^"
"2026-07-08 12:59:34","web_eventosmeta  |   File ""/usr/local/lib/python3.13/site-packages/django/conf/__init__.py"", line 68, in _setup"
"2026-07-08 12:59:34","web_eventosmeta  |     self._wrapped = Settings(settings_module)"
"2026-07-08 12:59:34","web_eventosmeta  |                     ~~~~~~~~^^^^^^^^^^^^^^^^^"
"2026-07-08 12:59:34","web_eventosmeta  |   File ""/usr/local/lib/python3.13/site-packages/django/conf/__init__.py"", line 166, in __init__"
"2026-07-08 12:59:34","web_eventosmeta  |     mod = importlib.import_module(self.SETTINGS_MODULE)"
"2026-07-08 12:59:34","web_eventosmeta  |   File ""/usr/local/lib/python3.13/importlib/__init__.py"", line 88, in import_module"
"2026-07-08 12:59:34","web_eventosmeta  |     return _bootstrap._gcd_import(name[level:], package, level)"
"2026-07-08 12:59:34","web_eventosmeta  |            ~~~~~~~~~~~~~~~~~~~~~~^^^^^^^^^^^^^^^^^^^^^^^^^^^^^^"
"2026-07-08 12:59:34","web_eventosmeta  |   File ""<frozen importlib._bootstrap>"", line 1395, in _gcd_import"
"2026-07-08 12:59:34","web_eventosmeta  |   File ""<frozen importlib._bootstrap>"", line 1360, in _find_and_load"
"2026-07-08 12:59:34","web_eventosmeta  |   File ""<frozen importlib._bootstrap>"", line 1331, in _find_and_load_unlocked"
"2026-07-08 12:59:34","web_eventosmeta  |   File ""<frozen importlib._bootstrap>"", line 935, in _load_unlocked"
"2026-07-08 12:59:34","web_eventosmeta  |   File ""<frozen importlib._bootstrap_external>"", line 1023, in exec_module"
"2026-07-08 12:59:34","web_eventosmeta  |   File ""<frozen importlib._bootstrap>"", line 488, in _call_with_frames_removed"
"2026-07-08 12:59:34","web_eventosmeta  |   File ""/app/config/settings.py"", line 282, in <module>"
"2026-07-08 12:59:34","web_eventosmeta  |     EOF"
"2026-07-08 12:59:34","web_eventosmeta  | NameError: name 'EOF' is not defined"
"2026-07-08 12:59:34","web_eventosmeta  | Aguardando PostgreSQL ficar pronto..."
"2026-07-08 12:59:34","web_eventosmeta  | Executando migrations..."
"2026-07-08 12:59:34","web_eventosmeta  | Traceback (most recent call last):"
"2026-07-08 12:59:34","web_eventosmeta  |   File ""/app/manage.py"", line 22, in <module>"
"2026-07-08 12:59:34","web_eventosmeta  |     main()"
"2026-07-08 12:59:34","web_eventosmeta  |     ~~~~^^"
"2026-07-08 12:59:34","web_eventosmeta  |   File ""/app/manage.py"", line 18, in main"
"2026-07-08 12:59:34","web_eventosmeta  |     execute_from_command_line(sys.argv)"
"2026-07-08 12:59:34","web_eventosmeta  |     ~~~~~~~~~~~~~~~~~~~~~~~~~^^^^^^^^^^"
"2026-07-08 12:59:34","web_eventosmeta  |   File ""/usr/local/lib/python3.13/site-packages/django/core/management/__init__.py"", line 442, in execute_from_command_line"
"2026-07-08 12:59:34","web_eventosmeta  |     utility.execute()"
"2026-07-08 12:59:34","web_eventosmeta  |     ~~~~~~~~~~~~~~~^^"
"2026-07-08 12:59:34","web_eventosmeta  |   File ""/usr/local/lib/python3.13/site-packages/django/core/management/__init__.py"", line 382, in execute"
"2026-07-08 12:59:34","web_eventosmeta  |     settings.INSTALLED_APPS"
"2026-07-08 12:59:34","web_eventosmeta  |   File ""/usr/local/lib/python3.13/site-packages/django/conf/__init__.py"", line 81, in __getattr__"
"2026-07-08 12:59:34","web_eventosmeta  |     self._setup(name)"
"2026-07-08 12:59:34","web_eventosmeta  |     ~~~~~~~~~~~^^^^^^"
"2026-07-08 12:59:34","web_eventosmeta  |   File ""/usr/local/lib/python3.13/site-packages/django/conf/__init__.py"", line 68, in _setup"
"2026-07-08 12:59:34","web_eventosmeta  |     self._wrapped = Settings(settings_module)"
"2026-07-08 12:59:34","web_eventosmeta  |                     ~~~~~~~~^^^^^^^^^^^^^^^^^"
"2026-07-08 12:59:34","web_eventosmeta  |   File ""/usr/local/lib/python3.13/site-packages/django/conf/__init__.py"", line 166, in __init__"
"2026-07-08 12:59:34","web_eventosmeta  |     mod = importlib.import_module(self.SETTINGS_MODULE)"
"2026-07-08 12:59:34","web_eventosmeta  |   File ""/usr/local/lib/python3.13/importlib/__init__.py"", line 88, in import_module"
"2026-07-08 12:59:34","web_eventosmeta  |     return _bootstrap._gcd_import(name[level:], package, level)"
"2026-07-08 12:59:34","web_eventosmeta  |            ~~~~~~~~~~~~~~~~~~~~~~^^^^^^^^^^^^^^^^^^^^^^^^^^^^^^"
"2026-07-08 12:59:34","web_eventosmeta  |   File ""<frozen importlib._bootstrap>"", line 1395, in _gcd_import"
"2026-07-08 12:59:34","web_eventosmeta  |   File ""<frozen importlib._bootstrap>"", line 1360, in _find_and_load"
"2026-07-08 12:59:34","web_eventosmeta  |   File ""<frozen importlib._bootstrap>"", line 1331, in _find_and_load_unlocked"
"2026-07-08 12:59:34","web_eventosmeta  |   File ""<frozen importlib._bootstrap>"", line 935, in _load_unlocked"
"2026-07-08 12:59:34","web_eventosmeta  |   File ""<frozen importlib._bootstrap_external>"", line 1023, in exec_module"
"2026-07-08 12:59:34","web_eventosmeta  |   File ""<frozen importlib._bootstrap>"", line 488, in _call_with_frames_removed"
"2026-07-08 12:59:34","web_eventosmeta  |   File ""/app/config/settings.py"", line 282, in <module>"
"2026-07-08 12:59:34","web_eventosmeta  |     EOF"
"2026-07-08 12:59:34","web_eventosmeta  | NameError: name 'EOF' is not defined"
"2026-07-08 12:59:34","web_eventosmeta  | Aguardando PostgreSQL ficar pronto..."
"2026-07-08 12:59:34","web_eventosmeta  | Executando migrations..."
"2026-07-08 12:59:34","web_eventosmeta  | Traceback (most recent call last):"
"2026-07-08 12:59:34","web_eventosmeta  |   File ""/app/manage.py"", line 22, in <module>"
"2026-07-08 12:59:34","web_eventosmeta  |     main()"
"2026-07-08 12:59:34","web_eventosmeta  |     ~~~~^^"
"2026-07-08 12:59:34","web_eventosmeta  |   File ""/app/manage.py"", line 18, in main"
"2026-07-08 12:59:34","web_eventosmeta  |     execute_from_command_line(sys.argv)"
"2026-07-08 12:59:34","web_eventosmeta  |     ~~~~~~~~~~~~~~~~~~~~~~~~~^^^^^^^^^^"
"2026-07-08 12:59:34","web_eventosmeta  |   File ""/usr/local/lib/python3.13/site-packages/django/core/management/__init__.py"", line 442, in execute_from_command_line"
"2026-07-08 12:59:34","web_eventosmeta  |     utility.execute()"
"2026-07-08 12:59:34","web_eventosmeta  |     ~~~~~~~~~~~~~~~^^"
"2026-07-08 12:59:34","web_eventosmeta  |   File ""/usr/local/lib/python3.13/site-packages/django/core/management/__init__.py"", line 382, in execute"
"2026-07-08 12:59:34","web_eventosmeta  |     settings.INSTALLED_APPS"
"2026-07-08 12:59:34","web_eventosmeta  |   File ""/usr/local/lib/python3.13/site-packages/django/conf/__init__.py"", line 81, in __getattr__"
"2026-07-08 12:59:34","web_eventosmeta  |     self._setup(name)"
"2026-07-08 12:59:34","web_eventosmeta  |     ~~~~~~~~~~~^^^^^^"
"2026-07-08 12:59:34","web_eventosmeta  |   File ""/usr/local/lib/python3.13/site-packages/django/conf/__init__.py"", line 68, in _setup"
"2026-07-08 12:59:34","web_eventosmeta  |     self._wrapped = Settings(settings_module)"
"2026-07-08 12:59:34","web_eventosmeta  |                     ~~~~~~~~^^^^^^^^^^^^^^^^^"
"2026-07-08 12:59:34","web_eventosmeta  |   File ""/usr/local/lib/python3.13/site-packages/django/conf/__init__.py"", line 166, in __init__"
"2026-07-08 12:59:34","web_eventosmeta  |     mod = importlib.import_module(self.SETTINGS_MODULE)"
"2026-07-08 12:59:34","web_eventosmeta  |   File ""/usr/local/lib/python3.13/importlib/__init__.py"", line 88, in import_module"
"2026-07-08 12:59:34","web_eventosmeta  |     return _bootstrap._gcd_import(name[level:], package, level)"
"2026-07-08 12:59:34","web_eventosmeta  |            ~~~~~~~~~~~~~~~~~~~~~~^^^^^^^^^^^^^^^^^^^^^^^^^^^^^^"
"2026-07-08 12:59:34","web_eventosmeta  |   File ""<frozen importlib._bootstrap>"", line 1395, in _gcd_import"
"2026-07-08 12:59:34","web_eventosmeta  |   File ""<frozen importlib._bootstrap>"", line 1360, in _find_and_load"
"2026-07-08 12:59:34","web_eventosmeta  |   File ""<frozen importlib._bootstrap>"", line 1331, in _find_and_load_unlocked"
"2026-07-08 12:59:34","web_eventosmeta  |   File ""<frozen importlib._bootstrap>"", line 935, in _load_unlocked"
"2026-07-08 12:59:34","web_eventosmeta  |   File ""<frozen importlib._bootstrap_external>"", line 1023, in exec_module"
"2026-07-08 12:59:34","web_eventosmeta  |   File ""<frozen importlib._bootstrap>"", line 488, in _call_with_frames_removed"
"2026-07-08 12:59:34","web_eventosmeta  |   File ""/app/config/settings.py"", line 282, in <module>"
"2026-07-08 12:59:34","web_eventosmeta  |     EOF"
"2026-07-08 12:59:34","web_eventosmeta  | NameError: name 'EOF' is not defined"
"2026-07-08 12:59:34","web_eventosmeta  | Aguardando PostgreSQL ficar pronto..."
"2026-07-08 12:59:34","web_eventosmeta  | Executando migrations..."
"2026-07-08 12:59:34","web_eventosmeta  | Traceback (most recent call last):"
"2026-07-08 12:59:34","web_eventosmeta  |   File ""/app/manage.py"", line 22, in <module>"
"2026-07-08 12:59:34","web_eventosmeta  |     main()"
"2026-07-08 12:59:34","web_eventosmeta  |     ~~~~^^"
"2026-07-08 12:59:34","web_eventosmeta  |   File ""/app/manage.py"", line 18, in main"
"2026-07-08 12:59:34","web_eventosmeta  |     execute_from_command_line(sys.argv)"
"2026-07-08 12:59:34","web_eventosmeta  |     ~~~~~~~~~~~~~~~~~~~~~~~~~^^^^^^^^^^"
"2026-07-08 12:59:34","web_eventosmeta  |   File ""/usr/local/lib/python3.13/site-packages/django/core/management/__init__.py"", line 442, in execute_from_command_line"
"2026-07-08 12:59:34","web_eventosmeta  |     utility.execute()"
"2026-07-08 12:59:34","web_eventosmeta  |     ~~~~~~~~~~~~~~~^^"
"2026-07-08 12:59:34","web_eventosmeta  |   File ""/usr/local/lib/python3.13/site-packages/django/core/management/__init__.py"", line 382, in execute"
"2026-07-08 12:59:34","web_eventosmeta  |     settings.INSTALLED_APPS"
"2026-07-08 12:59:34","web_eventosmeta  |   File ""/usr/local/lib/python3.13/site-packages/django/conf/__init__.py"", line 81, in __getattr__"
"2026-07-08 12:59:34","web_eventosmeta  |     self._setup(name)"
"2026-07-08 12:59:34","web_eventosmeta  |     ~~~~~~~~~~~^^^^^^"
"2026-07-08 12:59:34","web_eventosmeta  |   File ""/usr/local/lib/python3.13/site-packages/django/conf/__init__.py"", line 68, in _setup"
"2026-07-08 12:59:34","web_eventosmeta  |     self._wrapped = Settings(settings_module)"
"2026-07-08 12:59:34","web_eventosmeta  |                     ~~~~~~~~^^^^^^^^^^^^^^^^^"
"2026-07-08 12:59:34","web_eventosmeta  |   File ""/usr/local/lib/python3.13/site-packages/django/conf/__init__.py"", line 166, in __init__"
"2026-07-08 12:59:34","web_eventosmeta  |     mod = importlib.import_module(self.SETTINGS_MODULE)"
"2026-07-08 12:59:34","web_eventosmeta  |   File ""/usr/local/lib/python3.13/importlib/__init__.py"", line 88, in import_module"
"2026-07-08 12:59:34","web_eventosmeta  |     return _bootstrap._gcd_import(name[level:], package, level)"
"2026-07-08 12:59:34","web_eventosmeta  |            ~~~~~~~~~~~~~~~~~~~~~~^^^^^^^^^^^^^^^^^^^^^^^^^^^^^^"
"2026-07-08 12:59:34","web_eventosmeta  |   File ""<frozen importlib._bootstrap>"", line 1395, in _gcd_import"
"2026-07-08 12:59:34","web_eventosmeta  |   File ""<frozen importlib._bootstrap>"", line 1360, in _find_and_load"
"2026-07-08 12:59:34","web_eventosmeta  |   File ""<frozen importlib._bootstrap>"", line 1331, in _find_and_load_unlocked"
"2026-07-08 12:59:34","web_eventosmeta  |   File ""<frozen importlib._bootstrap>"", line 935, in _load_unlocked"
"2026-07-08 12:59:34","web_eventosmeta  |   File ""<frozen importlib._bootstrap_external>"", line 1023, in exec_module"
"2026-07-08 12:59:34","web_eventosmeta  |   File ""<frozen importlib._bootstrap>"", line 488, in _call_with_frames_removed"
"2026-07-08 12:59:34","web_eventosmeta  |   File ""/app/config/settings.py"", line 282, in <module>"
"2026-07-08 12:59:34","web_eventosmeta  |     EOF"
"2026-07-08 12:59:34","web_eventosmeta  | NameError: name 'EOF' is not defined"
"2026-07-08 12:59:34","web_eventosmeta  | Aguardando PostgreSQL ficar pronto..."
"2026-07-08 12:59:34","web_eventosmeta  | Executando migrations..."
"2026-07-08 12:59:34","web_eventosmeta  | Traceback (most recent call last):"
"2026-07-08 12:59:34","web_eventosmeta  |   File ""/app/manage.py"", line 22, in <module>"
"2026-07-08 12:59:34","web_eventosmeta  |     main()"
"2026-07-08 12:59:34","web_eventosmeta  |     ~~~~^^"
"2026-07-08 12:59:34","web_eventosmeta  |   File ""/app/manage.py"", line 18, in main"
"2026-07-08 12:59:34","web_eventosmeta  |     execute_from_command_line(sys.argv)"
"2026-07-08 12:59:34","web_eventosmeta  |     ~~~~~~~~~~~~~~~~~~~~~~~~~^^^^^^^^^^"
"2026-07-08 12:59:34","web_eventosmeta  |   File ""/usr/local/lib/python3.13/site-packages/django/core/management/__init__.py"", line 442, in execute_from_command_line"
"2026-07-08 12:59:34","web_eventosmeta  |     utility.execute()"
"2026-07-08 12:59:34","web_eventosmeta  |     ~~~~~~~~~~~~~~~^^"
"2026-07-08 12:59:34","web_eventosmeta  |   File ""/usr/local/lib/python3.13/site-packages/django/core/management/__init__.py"", line 382, in execute"
"2026-07-08 12:59:34","web_eventosmeta  |     settings.INSTALLED_APPS"
"2026-07-08 12:59:34","web_eventosmeta  |   File ""/usr/local/lib/python3.13/site-packages/django/conf/__init__.py"", line 81, in __getattr__"
"2026-07-08 12:59:34","web_eventosmeta  |     self._setup(name)"
"2026-07-08 12:59:34","web_eventosmeta  |     ~~~~~~~~~~~^^^^^^"
"2026-07-08 12:59:34","web_eventosmeta  |   File ""/usr/local/lib/python3.13/site-packages/django/conf/__init__.py"", line 68, in _setup"
"2026-07-08 12:59:34","web_eventosmeta  |     self._wrapped = Settings(settings_module)"
"2026-07-08 12:59:34","web_eventosmeta  |                     ~~~~~~~~^^^^^^^^^^^^^^^^^"
"2026-07-08 12:59:34","web_eventosmeta  |   File ""/usr/local/lib/python3.13/site-packages/django/conf/__init__.py"", line 166, in __init__"
"2026-07-08 12:59:34","web_eventosmeta  |     mod = importlib.import_module(self.SETTINGS_MODULE)"
"2026-07-08 12:59:34","web_eventosmeta  |   File ""/usr/local/lib/python3.13/importlib/__init__.py"", line 88, in import_module"
"2026-07-08 12:59:34","web_eventosmeta  |     return _bootstrap._gcd_import(name[level:], package, level)"
"2026-07-08 12:59:34","web_eventosmeta  |            ~~~~~~~~~~~~~~~~~~~~~~^^^^^^^^^^^^^^^^^^^^^^^^^^^^^^"
"2026-07-08 12:59:34","web_eventosmeta  |   File ""<frozen importlib._bootstrap>"", line 1395, in _gcd_import"
"2026-07-08 12:59:34","web_eventosmeta  |   File ""<frozen importlib._bootstrap>"", line 1360, in _find_and_load"
"2026-07-08 12:59:34","web_eventosmeta  |   File ""<frozen importlib._bootstrap>"", line 1331, in _find_and_load_unlocked"
"2026-07-08 12:59:34","web_eventosmeta  |   File ""<frozen importlib._bootstrap>"", line 935, in _load_unlocked"
"2026-07-08 12:59:34","web_eventosmeta  |   File ""<frozen importlib._bootstrap_external>"", line 1023, in exec_module"
"2026-07-08 12:59:34","web_eventosmeta  |   File ""<frozen importlib._bootstrap>"", line 488, in _call_with_frames_removed"
"2026-07-08 12:59:34","web_eventosmeta  |   File ""/app/config/settings.py"", line 282, in <module>"
"2026-07-08 12:59:34","web_eventosmeta  |     EOF"
"2026-07-08 12:59:34","web_eventosmeta  | NameError: name 'EOF' is not defined"
"2026-07-08 12:59:34","web_eventosmeta  | Aguardando PostgreSQL ficar pronto..."
"2026-07-08 12:59:34","web_eventosmeta  | Executando migrations..."
"2026-07-08 12:59:34","web_eventosmeta  | Traceback (most recent call last):"
"2026-07-08 12:59:34","web_eventosmeta  |   File ""/app/manage.py"", line 22, in <module>"
"2026-07-08 12:59:34","web_eventosmeta  |     main()"
"2026-07-08 12:59:34","web_eventosmeta  |     ~~~~^^"
"2026-07-08 12:59:34","web_eventosmeta  |   File ""/app/manage.py"", line 18, in main"
"2026-07-08 12:59:34","web_eventosmeta  |     execute_from_command_line(sys.argv)"
"2026-07-08 12:59:34","web_eventosmeta  |     ~~~~~~~~~~~~~~~~~~~~~~~~~^^^^^^^^^^"
"2026-07-08 12:59:34","web_eventosmeta  |   File ""/usr/local/lib/python3.13/site-packages/django/core/management/__init__.py"", line 442, in execute_from_command_line"
"2026-07-08 12:59:34","web_eventosmeta  |     utility.execute()"
"2026-07-08 12:59:34","web_eventosmeta  |     ~~~~~~~~~~~~~~~^^"
"2026-07-08 12:59:34","web_eventosmeta  |   File ""/usr/local/lib/python3.13/site-packages/django/core/management/__init__.py"", line 382, in execute"
"2026-07-08 12:59:34","web_eventosmeta  |     settings.INSTALLED_APPS"
"2026-07-08 12:59:34","web_eventosmeta  |   File ""/usr/local/lib/python3.13/site-packages/django/conf/__init__.py"", line 81, in __getattr__"
"2026-07-08 12:59:34","web_eventosmeta  |     self._setup(name)"
"2026-07-08 12:59:34","web_eventosmeta  |     ~~~~~~~~~~~^^^^^^"
"2026-07-08 12:59:34","web_eventosmeta  |   File ""/usr/local/lib/python3.13/site-packages/django/conf/__init__.py"", line 68, in _setup"
"2026-07-08 12:59:34","web_eventosmeta  |     self._wrapped = Settings(settings_module)"
"2026-07-08 12:59:34","web_eventosmeta  |                     ~~~~~~~~^^^^^^^^^^^^^^^^^"
"2026-07-08 12:59:34","web_eventosmeta  |   File ""/usr/local/lib/python3.13/site-packages/django/conf/__init__.py"", line 166, in __init__"
"2026-07-08 12:59:34","web_eventosmeta  |     mod = importlib.import_module(self.SETTINGS_MODULE)"
"2026-07-08 12:59:34","web_eventosmeta  |   File ""/usr/local/lib/python3.13/importlib/__init__.py"", line 88, in import_module"
"2026-07-08 12:59:34","web_eventosmeta  |     return _bootstrap._gcd_import(name[level:], package, level)"
"2026-07-08 12:59:34","web_eventosmeta  |            ~~~~~~~~~~~~~~~~~~~~~~^^^^^^^^^^^^^^^^^^^^^^^^^^^^^^"
"2026-07-08 12:59:34","web_eventosmeta  |   File ""<frozen importlib._bootstrap>"", line 1395, in _gcd_import"
"2026-07-08 12:59:34","web_eventosmeta  |   File ""<frozen importlib._bootstrap>"", line 1360, in _find_and_load"
"2026-07-08 12:59:34","web_eventosmeta  |   File ""<frozen importlib._bootstrap>"", line 1331, in _find_and_load_unlocked"
"2026-07-08 12:59:34","web_eventosmeta  |   File ""<frozen importlib._bootstrap>"", line 935, in _load_unlocked"
"2026-07-08 12:59:34","web_eventosmeta  |   File ""<frozen importlib._bootstrap_external>"", line 1023, in exec_module"
"2026-07-08 12:59:34","web_eventosmeta  |   File ""<frozen importlib._bootstrap>"", line 488, in _call_with_frames_removed"
"2026-07-08 12:59:34","web_eventosmeta  |   File ""/app/config/settings.py"", line 282, in <module>"
"2026-07-08 12:59:34","web_eventosmeta  |     EOF"
"2026-07-08 12:59:34","web_eventosmeta  | NameError: name 'EOF' is not defined"
"2026-07-08 12:59:34","web_eventosmeta  | Aguardando PostgreSQL ficar pronto..."
"2026-07-08 12:59:34","web_eventosmeta  | Executando migrations..."
"2026-07-08 12:59:34","web_eventosmeta  | Traceback (most recent call last):"
"2026-07-08 12:59:34","web_eventosmeta  |   File ""/app/manage.py"", line 22, in <module>"
"2026-07-08 12:59:34","web_eventosmeta  |     main()"
"2026-07-08 12:59:34","web_eventosmeta  |     ~~~~^^"
"2026-07-08 12:59:34","web_eventosmeta  |   File ""/app/manage.py"", line 18, in main"
"2026-07-08 12:59:34","web_eventosmeta  |     execute_from_command_line(sys.argv)"
"2026-07-08 12:59:34","web_eventosmeta  |     ~~~~~~~~~~~~~~~~~~~~~~~~~^^^^^^^^^^"
"2026-07-08 12:59:34","web_eventosmeta  |   File ""/usr/local/lib/python3.13/site-packages/django/core/management/__init__.py"", line 442, in execute_from_command_line"
"2026-07-08 12:59:34","web_eventosmeta  |     utility.execute()"
"2026-07-08 12:59:34","web_eventosmeta  |     ~~~~~~~~~~~~~~~^^"
"2026-07-08 12:59:34","web_eventosmeta  |   File ""/usr/local/lib/python3.13/site-packages/django/core/management/__init__.py"", line 382, in execute"
"2026-07-08 12:59:34","web_eventosmeta  |     settings.INSTALLED_APPS"
"2026-07-08 12:59:34","web_eventosmeta  |   File ""/usr/local/lib/python3.13/site-packages/django/conf/__init__.py"", line 81, in __getattr__"
"2026-07-08 12:59:34","web_eventosmeta  |     self._setup(name)"
"2026-07-08 12:59:34","web_eventosmeta  |     ~~~~~~~~~~~^^^^^^"
"2026-07-08 12:59:34","web_eventosmeta  |   File ""/usr/local/lib/python3.13/site-packages/django/conf/__init__.py"", line 68, in _setup"
"2026-07-08 12:59:34","web_eventosmeta  |     self._wrapped = Settings(settings_module)"
"2026-07-08 12:59:34","web_eventosmeta  |                     ~~~~~~~~^^^^^^^^^^^^^^^^^"
"2026-07-08 12:59:34","web_eventosmeta  |   File ""/usr/local/lib/python3.13/site-packages/django/conf/__init__.py"", line 166, in __init__"
"2026-07-08 12:59:34","web_eventosmeta  |     mod = importlib.import_module(self.SETTINGS_MODULE)"
"2026-07-08 12:59:34","web_eventosmeta  |   File ""/usr/local/lib/python3.13/importlib/__init__.py"", line 88, in import_module"
"2026-07-08 12:59:34","web_eventosmeta  |     return _bootstrap._gcd_import(name[level:], package, level)"
"2026-07-08 12:59:34","web_eventosmeta  |            ~~~~~~~~~~~~~~~~~~~~~~^^^^^^^^^^^^^^^^^^^^^^^^^^^^^^"
"2026-07-08 12:59:34","web_eventosmeta  |   File ""<frozen importlib._bootstrap>"", line 1395, in _gcd_import"
"2026-07-08 12:59:34","web_eventosmeta  |   File ""<frozen importlib._bootstrap>"", line 1360, in _find_and_load"
"2026-07-08 12:59:34","web_eventosmeta  |   File ""<frozen importlib._bootstrap>"", line 1331, in _find_and_load_unlocked"
"2026-07-08 12:59:34","web_eventosmeta  |   File ""<frozen importlib._bootstrap>"", line 935, in _load_unlocked"
"2026-07-08 12:59:34","web_eventosmeta  |   File ""<frozen importlib._bootstrap_external>"", line 1023, in exec_module"
"2026-07-08 12:59:34","web_eventosmeta  |   File ""<frozen importlib._bootstrap>"", line 488, in _call_with_frames_removed"
"2026-07-08 12:59:34","web_eventosmeta  |   File ""/app/config/settings.py"", line 282, in <module>"
"2026-07-08 12:59:34","web_eventosmeta  |     EOF"
"2026-07-08 12:59:34","web_eventosmeta  | NameError: name 'EOF' is not defined"
"2026-07-08 12:59:34","web_eventosmeta  | Aguardando PostgreSQL ficar pronto..."
"2026-07-08 12:59:34","web_eventosmeta  | Executando migrations..."
"2026-07-08 12:59:34","web_eventosmeta  | Traceback (most recent call last):"
"2026-07-08 12:59:34","web_eventosmeta  |   File ""/app/manage.py"", line 22, in <module>"
"2026-07-08 12:59:34","web_eventosmeta  |     main()"
"2026-07-08 12:59:34","web_eventosmeta  |     ~~~~^^"
"2026-07-08 12:59:34","web_eventosmeta  |   File ""/app/manage.py"", line 18, in main"
"2026-07-08 12:59:34","web_eventosmeta  |     execute_from_command_line(sys.argv)"
"2026-07-08 12:59:34","web_eventosmeta  |     ~~~~~~~~~~~~~~~~~~~~~~~~~^^^^^^^^^^"
"2026-07-08 12:59:34","web_eventosmeta  |   File ""/usr/local/lib/python3.13/site-packages/django/core/management/__init__.py"", line 442, in execute_from_command_line"
"2026-07-08 12:59:34","web_eventosmeta  |     utility.execute()"
"2026-07-08 12:59:34","web_eventosmeta  |     ~~~~~~~~~~~~~~~^^"
"2026-07-08 12:59:34","web_eventosmeta  |   File ""/usr/local/lib/python3.13/site-packages/django/core/management/__init__.py"", line 382, in execute"
"2026-07-08 12:59:34","web_eventosmeta  |     settings.INSTALLED_APPS"
"2026-07-08 12:59:34","web_eventosmeta  |   File ""/usr/local/lib/python3.13/site-packages/django/conf/__init__.py"", line 81, in __getattr__"
"2026-07-08 12:59:34","web_eventosmeta  |     self._setup(name)"
"2026-07-08 12:59:34","web_eventosmeta  |     ~~~~~~~~~~~^^^^^^"
"2026-07-08 12:59:34","web_eventosmeta  |   File ""/usr/local/lib/python3.13/site-packages/django/conf/__init__.py"", line 68, in _setup"
"2026-07-08 12:59:34","web_eventosmeta  |     self._wrapped = Settings(settings_module)"
"2026-07-08 12:59:34","web_eventosmeta  |                     ~~~~~~~~^^^^^^^^^^^^^^^^^"
"2026-07-08 12:59:34","web_eventosmeta  |   File ""/usr/local/lib/python3.13/site-packages/django/conf/__init__.py"", line 166, in __init__"
"2026-07-08 12:59:34","web_eventosmeta  |     mod = importlib.import_module(self.SETTINGS_MODULE)"
"2026-07-08 12:59:34","web_eventosmeta  |   File ""/usr/local/lib/python3.13/importlib/__init__.py"", line 88, in import_module"
"2026-07-08 12:59:34","web_eventosmeta  |     return _bootstrap._gcd_import(name[level:], package, level)"
"2026-07-08 12:59:34","web_eventosmeta  |            ~~~~~~~~~~~~~~~~~~~~~~^^^^^^^^^^^^^^^^^^^^^^^^^^^^^^"
"2026-07-08 12:59:34","web_eventosmeta  |   File ""<frozen importlib._bootstrap>"", line 1395, in _gcd_import"
"2026-07-08 12:59:34","web_eventosmeta  |   File ""<frozen importlib._bootstrap>"", line 1360, in _find_and_load"
"2026-07-08 12:59:34","web_eventosmeta  |   File ""<frozen importlib._bootstrap>"", line 1331, in _find_and_load_unlocked"
"2026-07-08 12:59:34","web_eventosmeta  |   File ""<frozen importlib._bootstrap>"", line 935, in _load_unlocked"
"2026-07-08 12:59:34","web_eventosmeta  |   File ""<frozen importlib._bootstrap_external>"", line 1023, in exec_module"
"2026-07-08 12:59:34","web_eventosmeta  |   File ""<frozen importlib._bootstrap>"", line 488, in _call_with_frames_removed"
"2026-07-08 12:59:34","web_eventosmeta  |   File ""/app/config/settings.py"", line 282, in <module>"
"2026-07-08 12:59:34","web_eventosmeta  |     EOF"
"2026-07-08 12:59:34","web_eventosmeta  | NameError: name 'EOF' is not defined"
"2026-07-08 12:59:34","web_eventosmeta  | Aguardando PostgreSQL ficar pronto..."
"2026-07-08 12:59:34","web_eventosmeta  | Executando migrations..."
"2026-07-08 12:59:34","web_eventosmeta  | Traceback (most recent call last):"
"2026-07-08 12:59:34","web_eventosmeta  |   File ""/app/manage.py"", line 22, in <module>"
"2026-07-08 12:59:34","web_eventosmeta  |     main()"
"2026-07-08 12:59:34","web_eventosmeta  |     ~~~~^^"
"2026-07-08 12:59:34","web_eventosmeta  |   File ""/app/manage.py"", line 18, in main"
"2026-07-08 12:59:34","web_eventosmeta  |     execute_from_command_line(sys.argv)"
"2026-07-08 12:59:34","web_eventosmeta  |     ~~~~~~~~~~~~~~~~~~~~~~~~~^^^^^^^^^^"
"2026-07-08 12:59:34","web_eventosmeta  |   File ""/usr/local/lib/python3.13/site-packages/django/core/management/__init__.py"", line 442, in execute_from_command_line"
"2026-07-08 12:59:34","web_eventosmeta  |     utility.execute()"
"2026-07-08 12:59:34","web_eventosmeta  |     ~~~~~~~~~~~~~~~^^"
"2026-07-08 12:59:34","web_eventosmeta  |   File ""/usr/local/lib/python3.13/site-packages/django/core/management/__init__.py"", line 382, in execute"
"2026-07-08 12:59:34","web_eventosmeta  |     settings.INSTALLED_APPS"
"2026-07-08 12:59:34","web_eventosmeta  |   File ""/usr/local/lib/python3.13/site-packages/django/conf/__init__.py"", line 81, in __getattr__"
"2026-07-08 12:59:34","web_eventosmeta  |     self._setup(name)"
"2026-07-08 12:59:34","web_eventosmeta  |     ~~~~~~~~~~~^^^^^^"
"2026-07-08 12:59:34","web_eventosmeta  |   File ""/usr/local/lib/python3.13/site-packages/django/conf/__init__.py"", line 68, in _setup"
"2026-07-08 12:59:34","web_eventosmeta  |     self._wrapped = Settings(settings_module)"
"2026-07-08 12:59:34","web_eventosmeta  |                     ~~~~~~~~^^^^^^^^^^^^^^^^^"
"2026-07-08 12:59:34","web_eventosmeta  |   File ""/usr/local/lib/python3.13/site-packages/django/conf/__init__.py"", line 166, in __init__"
"2026-07-08 12:59:34","web_eventosmeta  |     mod = importlib.import_module(self.SETTINGS_MODULE)"
"2026-07-08 12:59:34","web_eventosmeta  |   File ""/usr/local/lib/python3.13/importlib/__init__.py"", line 88, in import_module"
"2026-07-08 12:59:34","web_eventosmeta  |     return _bootstrap._gcd_import(name[level:], package, level)"
"2026-07-08 12:59:34","web_eventosmeta  |            ~~~~~~~~~~~~~~~~~~~~~~^^^^^^^^^^^^^^^^^^^^^^^^^^^^^^"
"2026-07-08 12:59:34","web_eventosmeta  |   File ""<frozen importlib._bootstrap>"", line 1395, in _gcd_import"
"2026-07-08 12:59:34","web_eventosmeta  |   File ""<frozen importlib._bootstrap>"", line 1360, in _find_and_load"
"2026-07-08 12:59:34","web_eventosmeta  |   File ""<frozen importlib._bootstrap>"", line 1331, in _find_and_load_unlocked"
"2026-07-08 12:59:34","web_eventosmeta  |   File ""<frozen importlib._bootstrap>"", line 935, in _load_unlocked"
"2026-07-08 12:59:34","web_eventosmeta  |   File ""<frozen importlib._bootstrap_external>"", line 1023, in exec_module"
"2026-07-08 12:59:34","web_eventosmeta  |   File ""<frozen importlib._bootstrap>"", line 488, in _call_with_frames_removed"
"2026-07-08 12:59:34","web_eventosmeta  |   File ""/app/config/settings.py"", line 282, in <module>"
"2026-07-08 12:59:34","web_eventosmeta  |     EOF"
"2026-07-08 12:59:34","web_eventosmeta  | NameError: name 'EOF' is not defined"
"2026-07-08 12:59:34","web_eventosmeta  | Aguardando PostgreSQL ficar pronto..."
"2026-07-08 12:59:34","web_eventosmeta  | Executando migrations..."
"2026-07-08 12:59:34","web_eventosmeta  | Traceback (most recent call last):"
"2026-07-08 12:59:34","web_eventosmeta  |   File ""/app/manage.py"", line 22, in <module>"
"2026-07-08 12:59:34","web_eventosmeta  |     main()"
"2026-07-08 12:59:34","web_eventosmeta  |     ~~~~^^"
"2026-07-08 12:59:34","web_eventosmeta  |   File ""/app/manage.py"", line 18, in main"
"2026-07-08 12:59:34","web_eventosmeta  |     execute_from_command_line(sys.argv)"
"2026-07-08 12:59:34","web_eventosmeta  |     ~~~~~~~~~~~~~~~~~~~~~~~~~^^^^^^^^^^"
"2026-07-08 12:59:34","web_eventosmeta  |   File ""/usr/local/lib/python3.13/site-packages/django/core/management/__init__.py"", line 442, in execute_from_command_line"
"2026-07-08 12:59:34","web_eventosmeta  |     utility.execute()"
"2026-07-08 12:59:34","web_eventosmeta  |     ~~~~~~~~~~~~~~~^^"
"2026-07-08 12:59:34","web_eventosmeta  |   File ""/usr/local/lib/python3.13/site-packages/django/core/management/__init__.py"", line 382, in execute"
"2026-07-08 12:59:34","web_eventosmeta  |     settings.INSTALLED_APPS"
"2026-07-08 12:59:34","web_eventosmeta  |   File ""/usr/local/lib/python3.13/site-packages/django/conf/__init__.py"", line 81, in __getattr__"
"2026-07-08 12:59:34","web_eventosmeta  |     self._setup(name)"
"2026-07-08 12:59:34","web_eventosmeta  |     ~~~~~~~~~~~^^^^^^"
"2026-07-08 12:59:34","web_eventosmeta  |   File ""/usr/local/lib/python3.13/site-packages/django/conf/__init__.py"", line 68, in _setup"
"2026-07-08 12:59:34","web_eventosmeta  |     self._wrapped = Settings(settings_module)"
"2026-07-08 12:59:34","web_eventosmeta  |                     ~~~~~~~~^^^^^^^^^^^^^^^^^"
"2026-07-08 12:59:34","web_eventosmeta  |   File ""/usr/local/lib/python3.13/site-packages/django/conf/__init__.py"", line 166, in __init__"
"2026-07-08 12:59:34","web_eventosmeta  |     mod = importlib.import_module(self.SETTINGS_MODULE)"
"2026-07-08 12:59:34","web_eventosmeta  |   File ""/usr/local/lib/python3.13/importlib/__init__.py"", line 88, in import_module"
"2026-07-08 12:59:34","web_eventosmeta  |     return _bootstrap._gcd_import(name[level:], package, level)"
"2026-07-08 12:59:34","web_eventosmeta  |            ~~~~~~~~~~~~~~~~~~~~~~^^^^^^^^^^^^^^^^^^^^^^^^^^^^^^"
"2026-07-08 12:59:34","web_eventosmeta  |   File ""<frozen importlib._bootstrap>"", line 1395, in _gcd_import"
"2026-07-08 12:59:34","web_eventosmeta  |   File ""<frozen importlib._bootstrap>"", line 1360, in _find_and_load"
"2026-07-08 12:59:34","web_eventosmeta  |   File ""<frozen importlib._bootstrap>"", line 1331, in _find_and_load_unlocked"
"2026-07-08 12:59:34","web_eventosmeta  |   File ""<frozen importlib._bootstrap>"", line 935, in _load_unlocked"
"2026-07-08 12:59:34","web_eventosmeta  |   File ""<frozen importlib._bootstrap_external>"", line 1023, in exec_module"
"2026-07-08 12:59:34","web_eventosmeta  |   File ""<frozen importlib._bootstrap>"", line 488, in _call_with_frames_removed"
"2026-07-08 12:59:34","web_eventosmeta  |   File ""/app/config/settings.py"", line 282, in <module>"
"2026-07-08 12:59:34","web_eventosmeta  |     EOF"
"2026-07-08 12:59:34","web_eventosmeta  | NameError: name 'EOF' is not defined"
"2026-07-08 12:59:34","web_eventosmeta  | Aguardando PostgreSQL ficar pronto..."
"2026-07-08 12:59:34","web_eventosmeta  | Executando migrations..."
"2026-07-08 12:59:34","web_eventosmeta  | Traceback (most recent call last):"
"2026-07-08 12:59:34","web_eventosmeta  |   File ""/app/manage.py"", line 22, in <module>"
"2026-07-08 12:59:34","web_eventosmeta  |     main()"
"2026-07-08 12:59:34","web_eventosmeta  |     ~~~~^^"
"2026-07-08 12:59:34","web_eventosmeta  |   File ""/app/manage.py"", line 18, in main"
"2026-07-08 12:59:34","web_eventosmeta  |     execute_from_command_line(sys.argv)"
"2026-07-08 12:59:34","web_eventosmeta  |     ~~~~~~~~~~~~~~~~~~~~~~~~~^^^^^^^^^^"
"2026-07-08 12:59:34","web_eventosmeta  |   File ""/usr/local/lib/python3.13/site-packages/django/core/management/__init__.py"", line 442, in execute_from_command_line"
"2026-07-08 12:59:34","web_eventosmeta  |     utility.execute()"
"2026-07-08 12:59:34","web_eventosmeta  |     ~~~~~~~~~~~~~~~^^"
"2026-07-08 12:59:34","web_eventosmeta  |   File ""/usr/local/lib/python3.13/site-packages/django/core/management/__init__.py"", line 382, in execute"
"2026-07-08 12:59:34","web_eventosmeta  |     settings.INSTALLED_APPS"
"2026-07-08 12:59:34","web_eventosmeta  |   File ""/usr/local/lib/python3.13/site-packages/django/conf/__init__.py"", line 81, in __getattr__"
"2026-07-08 12:59:34","web_eventosmeta  |     self._setup(name)"
"2026-07-08 12:59:34","web_eventosmeta  |     ~~~~~~~~~~~^^^^^^"
"2026-07-08 12:59:34","web_eventosmeta  |   File ""/usr/local/lib/python3.13/site-packages/django/conf/__init__.py"", line 68, in _setup"
"2026-07-08 12:59:34","web_eventosmeta  |     self._wrapped = Settings(settings_module)"
"2026-07-08 12:59:34","web_eventosmeta  |                     ~~~~~~~~^^^^^^^^^^^^^^^^^"
"2026-07-08 12:59:34","web_eventosmeta  |   File ""/usr/local/lib/python3.13/site-packages/django/conf/__init__.py"", line 166, in __init__"
"2026-07-08 12:59:34","web_eventosmeta  |     mod = importlib.import_module(self.SETTINGS_MODULE)"
"2026-07-08 12:59:34","web_eventosmeta  |   File ""/usr/local/lib/python3.13/importlib/__init__.py"", line 88, in import_module"
"2026-07-08 12:59:34","web_eventosmeta  |     return _bootstrap._gcd_import(name[level:], package, level)"
"2026-07-08 12:59:34","web_eventosmeta  |            ~~~~~~~~~~~~~~~~~~~~~~^^^^^^^^^^^^^^^^^^^^^^^^^^^^^^"
"2026-07-08 12:59:34","web_eventosmeta  |   File ""<frozen importlib._bootstrap>"", line 1395, in _gcd_import"
"2026-07-08 12:59:34","web_eventosmeta  |   File ""<frozen importlib._bootstrap>"", line 1360, in _find_and_load"
"2026-07-08 12:59:34","web_eventosmeta  |   File ""<frozen importlib._bootstrap>"", line 1331, in _find_and_load_unlocked"
"2026-07-08 12:59:34","web_eventosmeta  |   File ""<frozen importlib._bootstrap>"", line 935, in _load_unlocked"
"2026-07-08 12:59:34","web_eventosmeta  |   File ""<frozen importlib._bootstrap_external>"", line 1023, in exec_module"
"2026-07-08 12:59:34","web_eventosmeta  |   File ""<frozen importlib._bootstrap>"", line 488, in _call_with_frames_removed"
"2026-07-08 12:59:34","web_eventosmeta  |   File ""/app/config/settings.py"", line 282, in <module>"
"2026-07-08 12:59:34","web_eventosmeta  |     EOF"
"2026-07-08 12:59:34","web_eventosmeta  | NameError: name 'EOF' is not defined"
"2026-07-08 12:59:34","web_eventosmeta  | Aguardando PostgreSQL ficar pronto..."
"2026-07-08 12:59:34","web_eventosmeta  | Executando migrations..."
"2026-07-08 12:59:34","web_eventosmeta  | Traceback (most recent call last):"
"2026-07-08 12:59:34","web_eventosmeta  |   File ""/app/manage.py"", line 22, in <module>"
"2026-07-08 12:59:34","web_eventosmeta  |     main()"
"2026-07-08 12:59:34","web_eventosmeta  |     ~~~~^^"
"2026-07-08 12:59:34","web_eventosmeta  |   File ""/app/manage.py"", line 18, in main"
"2026-07-08 12:59:34","web_eventosmeta  |     execute_from_command_line(sys.argv)"
"2026-07-08 12:59:34","web_eventosmeta  |     ~~~~~~~~~~~~~~~~~~~~~~~~~^^^^^^^^^^"
"2026-07-08 12:59:34","web_eventosmeta  |   File ""/usr/local/lib/python3.13/site-packages/django/core/management/__init__.py"", line 442, in execute_from_command_line"
"2026-07-08 12:59:34","web_eventosmeta  |     utility.execute()"
"2026-07-08 12:59:34","web_eventosmeta  |     ~~~~~~~~~~~~~~~^^"
"2026-07-08 12:59:34","web_eventosmeta  |   File ""/usr/local/lib/python3.13/site-packages/django/core/management/__init__.py"", line 382, in execute"
"2026-07-08 12:59:34","web_eventosmeta  |     settings.INSTALLED_APPS"
"2026-07-08 12:59:34","web_eventosmeta  |   File ""/usr/local/lib/python3.13/site-packages/django/conf/__init__.py"", line 81, in __getattr__"
"2026-07-08 12:59:34","web_eventosmeta  |     self._setup(name)"
"2026-07-08 12:59:34","web_eventosmeta  |     ~~~~~~~~~~~^^^^^^"
"2026-07-08 12:59:34","web_eventosmeta  |   File ""/usr/local/lib/python3.13/site-packages/django/conf/__init__.py"", line 68, in _setup"
"2026-07-08 12:59:34","web_eventosmeta  |     self._wrapped = Settings(settings_module)"
"2026-07-08 12:59:34","web_eventosmeta  |                     ~~~~~~~~^^^^^^^^^^^^^^^^^"
"2026-07-08 12:59:34","web_eventosmeta  |   File ""/usr/local/lib/python3.13/site-packages/django/conf/__init__.py"", line 166, in __init__"
"2026-07-08 12:59:34","web_eventosmeta  |     mod = importlib.import_module(self.SETTINGS_MODULE)"
"2026-07-08 12:59:34","web_eventosmeta  |   File ""/usr/local/lib/python3.13/importlib/__init__.py"", line 88, in import_module"
"2026-07-08 12:59:34","web_eventosmeta  |     return _bootstrap._gcd_import(name[level:], package, level)"
"2026-07-08 12:59:34","web_eventosmeta  |            ~~~~~~~~~~~~~~~~~~~~~~^^^^^^^^^^^^^^^^^^^^^^^^^^^^^^"
"2026-07-08 12:59:34","web_eventosmeta  |   File ""<frozen importlib._bootstrap>"", line 1395, in _gcd_import"
"2026-07-08 12:59:34","web_eventosmeta  |   File ""<frozen importlib._bootstrap>"", line 1360, in _find_and_load"
"2026-07-08 12:59:34","web_eventosmeta  |   File ""<frozen importlib._bootstrap>"", line 1331, in _find_and_load_unlocked"
"2026-07-08 12:59:34","web_eventosmeta  |   File ""<frozen importlib._bootstrap>"", line 935, in _load_unlocked"
"2026-07-08 12:59:34","web_eventosmeta  |   File ""<frozen importlib._bootstrap_external>"", line 1023, in exec_module"
"2026-07-08 12:59:34","web_eventosmeta  |   File ""<frozen importlib._bootstrap>"", line 488, in _call_with_frames_removed"
"2026-07-08 12:59:34","web_eventosmeta  |   File ""/app/config/settings.py"", line 282, in <module>"
"2026-07-08 12:59:34","web_eventosmeta  |     EOF"
"2026-07-08 12:59:34","web_eventosmeta  | NameError: name 'EOF' is not defined"
"2026-07-08 12:59:34","web_eventosmeta  | Aguardando PostgreSQL ficar pronto..."
"2026-07-08 12:59:34","web_eventosmeta  | Executando migrations..."
"2026-07-08 12:59:34","web_eventosmeta  | Traceback (most recent call last):"
"2026-07-08 12:59:34","web_eventosmeta  |   File ""/app/manage.py"", line 22, in <module>"
"2026-07-08 12:59:34","web_eventosmeta  |     main()"
"2026-07-08 12:59:34","web_eventosmeta  |     ~~~~^^"
"2026-07-08 12:59:34","web_eventosmeta  |   File ""/app/manage.py"", line 18, in main"
"2026-07-08 12:59:34","web_eventosmeta  |     execute_from_command_line(sys.argv)"
"2026-07-08 12:59:34","web_eventosmeta  |     ~~~~~~~~~~~~~~~~~~~~~~~~~^^^^^^^^^^"
"2026-07-08 12:59:34","web_eventosmeta  |   File ""/usr/local/lib/python3.13/site-packages/django/core/management/__init__.py"", line 442, in execute_from_command_line"
"2026-07-08 12:59:34","web_eventosmeta  |     utility.execute()"
"2026-07-08 12:59:34","web_eventosmeta  |     ~~~~~~~~~~~~~~~^^"
"2026-07-08 12:59:34","web_eventosmeta  |   File ""/usr/local/lib/python3.13/site-packages/django/core/management/__init__.py"", line 382, in execute"
"2026-07-08 12:59:34","web_eventosmeta  |     settings.INSTALLED_APPS"
"2026-07-08 12:59:34","web_eventosmeta  |   File ""/usr/local/lib/python3.13/site-packages/django/conf/__init__.py"", line 81, in __getattr__"
"2026-07-08 12:59:34","web_eventosmeta  |     self._setup(name)"
"2026-07-08 12:59:34","web_eventosmeta  |     ~~~~~~~~~~~^^^^^^"
"2026-07-08 12:59:34","web_eventosmeta  |   File ""/usr/local/lib/python3.13/site-packages/django/conf/__init__.py"", line 68, in _setup"
"2026-07-08 12:59:34","web_eventosmeta  |     self._wrapped = Settings(settings_module)"
"2026-07-08 12:59:34","web_eventosmeta  |                     ~~~~~~~~^^^^^^^^^^^^^^^^^"
"2026-07-08 12:59:34","web_eventosmeta  |   File ""/usr/local/lib/python3.13/site-packages/django/conf/__init__.py"", line 166, in __init__"
"2026-07-08 12:59:34","web_eventosmeta  |     mod = importlib.import_module(self.SETTINGS_MODULE)"
"2026-07-08 12:59:34","web_eventosmeta  |   File ""/usr/local/lib/python3.13/importlib/__init__.py"", line 88, in import_module"
"2026-07-08 12:59:34","web_eventosmeta  |     return _bootstrap._gcd_import(name[level:], package, level)"
"2026-07-08 12:59:34","web_eventosmeta  |            ~~~~~~~~~~~~~~~~~~~~~~^^^^^^^^^^^^^^^^^^^^^^^^^^^^^^"
"2026-07-08 12:59:34","web_eventosmeta  |   File ""<frozen importlib._bootstrap>"", line 1395, in _gcd_import"
"2026-07-08 12:59:34","web_eventosmeta  |   File ""<frozen importlib._bootstrap>"", line 1360, in _find_and_load"
"2026-07-08 12:59:34","web_eventosmeta  |   File ""<frozen importlib._bootstrap>"", line 1331, in _find_and_load_unlocked"
"2026-07-08 12:59:34","web_eventosmeta  |   File ""<frozen importlib._bootstrap>"", line 935, in _load_unlocked"
"2026-07-08 12:59:34","web_eventosmeta  |   File ""<frozen importlib._bootstrap_external>"", line 1023, in exec_module"
"2026-07-08 12:59:34","web_eventosmeta  |   File ""<frozen importlib._bootstrap>"", line 488, in _call_with_frames_removed"
"2026-07-08 12:59:34","web_eventosmeta  |   File ""/app/config/settings.py"", line 282, in <module>"
"2026-07-08 12:59:34","web_eventosmeta  |     EOF"
"2026-07-08 12:59:34","web_eventosmeta  | NameError: name 'EOF' is not defined"
"2026-07-08 12:59:34","web_eventosmeta  | Aguardando PostgreSQL ficar pronto..."
"2026-07-08 12:59:34","web_eventosmeta  | Executando migrations..."
"2026-07-08 12:59:34","web_eventosmeta  | Traceback (most recent call last):"
"2026-07-08 12:59:34","web_eventosmeta  |   File ""/app/manage.py"", line 22, in <module>"
"2026-07-08 12:59:34","web_eventosmeta  |     main()"
"2026-07-08 12:59:34","web_eventosmeta  |     ~~~~^^"
"2026-07-08 12:59:34","web_eventosmeta  |   File ""/app/manage.py"", line 18, in main"
"2026-07-08 12:59:34","web_eventosmeta  |     execute_from_command_line(sys.argv)"
"2026-07-08 12:59:34","web_eventosmeta  |     ~~~~~~~~~~~~~~~~~~~~~~~~~^^^^^^^^^^"
"2026-07-08 12:59:34","web_eventosmeta  |   File ""/usr/local/lib/python3.13/site-packages/django/core/management/__init__.py"", line 442, in execute_from_command_line"
"2026-07-08 12:59:34","web_eventosmeta  |     utility.execute()"
"2026-07-08 12:59:34","web_eventosmeta  |     ~~~~~~~~~~~~~~~^^"
"2026-07-08 12:59:34","web_eventosmeta  |   File ""/usr/local/lib/python3.13/site-packages/django/core/management/__init__.py"", line 382, in execute"
"2026-07-08 12:59:34","web_eventosmeta  |     settings.INSTALLED_APPS"
"2026-07-08 12:59:34","web_eventosmeta  |   File ""/usr/local/lib/python3.13/site-packages/django/conf/__init__.py"", line 81, in __getattr__"
"2026-07-08 12:59:34","web_eventosmeta  |     self._setup(name)"
"2026-07-08 12:59:34","web_eventosmeta  |     ~~~~~~~~~~~^^^^^^"
"2026-07-08 12:59:34","web_eventosmeta  |   File ""/usr/local/lib/python3.13/site-packages/django/conf/__init__.py"", line 68, in _setup"
"2026-07-08 12:59:34","web_eventosmeta  |     self._wrapped = Settings(settings_module)"
"2026-07-08 12:59:34","web_eventosmeta  |                     ~~~~~~~~^^^^^^^^^^^^^^^^^"
"2026-07-08 12:59:34","web_eventosmeta  |   File ""/usr/local/lib/python3.13/site-packages/django/conf/__init__.py"", line 166, in __init__"
"2026-07-08 12:59:34","web_eventosmeta  |     mod = importlib.import_module(self.SETTINGS_MODULE)"
"2026-07-08 12:59:34","web_eventosmeta  |   File ""/usr/local/lib/python3.13/importlib/__init__.py"", line 88, in import_module"
"2026-07-08 12:59:34","web_eventosmeta  |     return _bootstrap._gcd_import(name[level:], package, level)"
"2026-07-08 12:59:34","web_eventosmeta  |            ~~~~~~~~~~~~~~~~~~~~~~^^^^^^^^^^^^^^^^^^^^^^^^^^^^^^"
"2026-07-08 12:59:34","web_eventosmeta  |   File ""<frozen importlib._bootstrap>"", line 1395, in _gcd_import"
"2026-07-08 12:59:34","web_eventosmeta  |   File ""<frozen importlib._bootstrap>"", line 1360, in _find_and_load"
"2026-07-08 12:59:34","web_eventosmeta  |   File ""<frozen importlib._bootstrap>"", line 1331, in _find_and_load_unlocked"
"2026-07-08 12:59:34","web_eventosmeta  |   File ""<frozen importlib._bootstrap>"", line 935, in _load_unlocked"
"2026-07-08 12:59:34","web_eventosmeta  |   File ""<frozen importlib._bootstrap_external>"", line 1023, in exec_module"
"2026-07-08 12:59:34","web_eventosmeta  |   File ""<frozen importlib._bootstrap>"", line 488, in _call_with_frames_removed"
"2026-07-08 12:59:34","web_eventosmeta  |   File ""/app/config/settings.py"", line 282, in <module>"
"2026-07-08 12:59:34","web_eventosmeta  |     EOF"
"2026-07-08 12:59:34","web_eventosmeta  | NameError: name 'EOF' is not defined"
"2026-07-08 12:59:34","web_eventosmeta  | Aguardando PostgreSQL ficar pronto..."
"2026-07-08 12:59:34","web_eventosmeta  | Executando migrations..."
"2026-07-08 12:59:34","web_eventosmeta  | Traceback (most recent call last):"
"2026-07-08 12:59:34","web_eventosmeta  |   File ""/app/manage.py"", line 22, in <module>"
"2026-07-08 12:59:34","web_eventosmeta  |     main()"
"2026-07-08 12:59:34","web_eventosmeta  |     ~~~~^^"
"2026-07-08 12:59:34","web_eventosmeta  |   File ""/app/manage.py"", line 18, in main"
"2026-07-08 12:59:34","web_eventosmeta  |     execute_from_command_line(sys.argv)"
"2026-07-08 12:59:34","web_eventosmeta  |     ~~~~~~~~~~~~~~~~~~~~~~~~~^^^^^^^^^^"
"2026-07-08 12:59:34","web_eventosmeta  |   File ""/usr/local/lib/python3.13/site-packages/django/core/management/__init__.py"", line 442, in execute_from_command_line"
"2026-07-08 12:59:34","web_eventosmeta  |     utility.execute()"
"2026-07-08 12:59:34","web_eventosmeta  |     ~~~~~~~~~~~~~~~^^"
"2026-07-08 12:59:34","web_eventosmeta  |   File ""/usr/local/lib/python3.13/site-packages/django/core/management/__init__.py"", line 382, in execute"
"2026-07-08 12:59:34","web_eventosmeta  |     settings.INSTALLED_APPS"
"2026-07-08 12:59:34","web_eventosmeta  |   File ""/usr/local/lib/python3.13/site-packages/django/conf/__init__.py"", line 81, in __getattr__"
"2026-07-08 12:59:34","web_eventosmeta  |     self._setup(name)"
"2026-07-08 12:59:34","web_eventosmeta  |     ~~~~~~~~~~~^^^^^^"
"2026-07-08 12:59:34","web_eventosmeta  |   File ""/usr/local/lib/python3.13/site-packages/django/conf/__init__.py"", line 68, in _setup"
"2026-07-08 12:59:34","web_eventosmeta  |     self._wrapped = Settings(settings_module)"
"2026-07-08 12:59:34","web_eventosmeta  |                     ~~~~~~~~^^^^^^^^^^^^^^^^^"
"2026-07-08 12:59:34","web_eventosmeta  |   File ""/usr/local/lib/python3.13/site-packages/django/conf/__init__.py"", line 166, in __init__"
"2026-07-08 12:59:34","web_eventosmeta  |     mod = importlib.import_module(self.SETTINGS_MODULE)"
"2026-07-08 12:59:34","web_eventosmeta  |   File ""/usr/local/lib/python3.13/importlib/__init__.py"", line 88, in import_module"
"2026-07-08 12:59:34","web_eventosmeta  |     return _bootstrap._gcd_import(name[level:], package, level)"
"2026-07-08 12:59:34","web_eventosmeta  |            ~~~~~~~~~~~~~~~~~~~~~~^^^^^^^^^^^^^^^^^^^^^^^^^^^^^^"
"2026-07-08 12:59:34","web_eventosmeta  |   File ""<frozen importlib._bootstrap>"", line 1395, in _gcd_import"
"2026-07-08 12:59:34","web_eventosmeta  |   File ""<frozen importlib._bootstrap>"", line 1360, in _find_and_load"
"2026-07-08 12:59:34","web_eventosmeta  |   File ""<frozen importlib._bootstrap>"", line 1331, in _find_and_load_unlocked"
"2026-07-08 12:59:34","web_eventosmeta  |   File ""<frozen importlib._bootstrap>"", line 935, in _load_unlocked"
"2026-07-08 12:59:34","web_eventosmeta  |   File ""<frozen importlib._bootstrap_external>"", line 1023, in exec_module"
"2026-07-08 12:59:34","web_eventosmeta  |   File ""<frozen importlib._bootstrap>"", line 488, in _call_with_frames_removed"
"2026-07-08 12:59:34","web_eventosmeta  |   File ""/app/config/settings.py"", line 282, in <module>"
"2026-07-08 12:59:34","web_eventosmeta  |     EOF"
"2026-07-08 12:59:34","web_eventosmeta  | NameError: name 'EOF' is not defined"
"2026-07-08 12:59:34","web_eventosmeta  | Aguardando PostgreSQL ficar pronto..."
"2026-07-08 12:59:34","web_eventosmeta  | Executando migrations..."
"2026-07-08 12:59:34","web_eventosmeta  | Traceback (most recent call last):"
"2026-07-08 12:59:34","web_eventosmeta  |   File ""/app/manage.py"", line 22, in <module>"
"2026-07-08 12:59:34","web_eventosmeta  |     main()"
"2026-07-08 12:59:34","web_eventosmeta  |     ~~~~^^"
"2026-07-08 12:59:34","web_eventosmeta  |   File ""/app/manage.py"", line 18, in main"
"2026-07-08 12:59:34","web_eventosmeta  |     execute_from_command_line(sys.argv)"
"2026-07-08 12:59:34","web_eventosmeta  |     ~~~~~~~~~~~~~~~~~~~~~~~~~^^^^^^^^^^"
"2026-07-08 12:59:34","web_eventosmeta  |   File ""/usr/local/lib/python3.13/site-packages/django/core/management/__init__.py"", line 442, in execute_from_command_line"
"2026-07-08 12:59:34","web_eventosmeta  |     utility.execute()"
"2026-07-08 12:59:34","web_eventosmeta  |     ~~~~~~~~~~~~~~~^^"
"2026-07-08 12:59:34","web_eventosmeta  |   File ""/usr/local/lib/python3.13/site-packages/django/core/management/__init__.py"", line 382, in execute"
"2026-07-08 12:59:34","web_eventosmeta  |     settings.INSTALLED_APPS"
"2026-07-08 12:59:34","web_eventosmeta  |   File ""/usr/local/lib/python3.13/site-packages/django/conf/__init__.py"", line 81, in __getattr__"
"2026-07-08 12:59:34","web_eventosmeta  |     self._setup(name)"
"2026-07-08 12:59:34","web_eventosmeta  |     ~~~~~~~~~~~^^^^^^"
"2026-07-08 12:59:34","web_eventosmeta  |   File ""/usr/local/lib/python3.13/site-packages/django/conf/__init__.py"", line 68, in _setup"
"2026-07-08 12:59:34","web_eventosmeta  |     self._wrapped = Settings(settings_module)"
"2026-07-08 12:59:34","web_eventosmeta  |                     ~~~~~~~~^^^^^^^^^^^^^^^^^"
"2026-07-08 12:59:34","web_eventosmeta  |   File ""/usr/local/lib/python3.13/site-packages/django/conf/__init__.py"", line 166, in __init__"
"2026-07-08 12:59:34","web_eventosmeta  |     mod = importlib.import_module(self.SETTINGS_MODULE)"
"2026-07-08 12:59:34","web_eventosmeta  |   File ""/usr/local/lib/python3.13/importlib/__init__.py"", line 88, in import_module"
"2026-07-08 12:59:34","web_eventosmeta  |     return _bootstrap._gcd_import(name[level:], package, level)"
"2026-07-08 12:59:34","web_eventosmeta  |            ~~~~~~~~~~~~~~~~~~~~~~^^^^^^^^^^^^^^^^^^^^^^^^^^^^^^"
"2026-07-08 12:59:34","web_eventosmeta  |   File ""<frozen importlib._bootstrap>"", line 1395, in _gcd_import"
"2026-07-08 12:59:34","web_eventosmeta  |   File ""<frozen importlib._bootstrap>"", line 1360, in _find_and_load"
"2026-07-08 12:59:34","web_eventosmeta  |   File ""<frozen importlib._bootstrap>"", line 1331, in _find_and_load_unlocked"
"2026-07-08 12:59:34","web_eventosmeta  |   File ""<frozen importlib._bootstrap>"", line 935, in _load_unlocked"
"2026-07-08 12:59:34","web_eventosmeta  |   File ""<frozen importlib._bootstrap_external>"", line 1023, in exec_module"
"2026-07-08 12:59:34","web_eventosmeta  |   File ""<frozen importlib._bootstrap>"", line 488, in _call_with_frames_removed"
"2026-07-08 12:59:34","web_eventosmeta  |   File ""/app/config/settings.py"", line 282, in <module>"
"2026-07-08 12:59:34","web_eventosmeta  |     EOF"
"2026-07-08 12:59:34","web_eventosmeta  | NameError: name 'EOF' is not defined"
"2026-07-08 12:59:34","web_eventosmeta  | Aguardando PostgreSQL ficar pronto..."
"2026-07-08 12:59:34","web_eventosmeta  | Executando migrations..."
"2026-07-08 12:59:34","web_eventosmeta  | Traceback (most recent call last):"
"2026-07-08 12:59:34","web_eventosmeta  |   File ""/app/manage.py"", line 22, in <module>"
"2026-07-08 12:59:34","web_eventosmeta  |     main()"
"2026-07-08 12:59:34","web_eventosmeta  |     ~~~~^^"
"2026-07-08 12:59:34","web_eventosmeta  |   File ""/app/manage.py"", line 18, in main"
"2026-07-08 12:59:34","web_eventosmeta  |     execute_from_command_line(sys.argv)"
"2026-07-08 12:59:34","web_eventosmeta  |     ~~~~~~~~~~~~~~~~~~~~~~~~~^^^^^^^^^^"
"2026-07-08 12:59:34","web_eventosmeta  |   File ""/usr/local/lib/python3.13/site-packages/django/core/management/__init__.py"", line 442, in execute_from_command_line"
"2026-07-08 12:59:34","web_eventosmeta  |     utility.execute()"
"2026-07-08 12:59:34","web_eventosmeta  |     ~~~~~~~~~~~~~~~^^"
"2026-07-08 12:59:34","web_eventosmeta  |   File ""/usr/local/lib/python3.13/site-packages/django/core/management/__init__.py"", line 382, in execute"
"2026-07-08 12:59:34","web_eventosmeta  |     settings.INSTALLED_APPS"
"2026-07-08 12:59:34","web_eventosmeta  |   File ""/usr/local/lib/python3.13/site-packages/django/conf/__init__.py"", line 81, in __getattr__"
"2026-07-08 12:59:34","web_eventosmeta  |     self._setup(name)"
"2026-07-08 12:59:34","web_eventosmeta  |     ~~~~~~~~~~~^^^^^^"
"2026-07-08 12:59:34","web_eventosmeta  |   File ""/usr/local/lib/python3.13/site-packages/django/conf/__init__.py"", line 68, in _setup"
"2026-07-08 12:59:34","web_eventosmeta  |     self._wrapped = Settings(settings_module)"
"2026-07-08 12:59:34","web_eventosmeta  |                     ~~~~~~~~^^^^^^^^^^^^^^^^^"
"2026-07-08 12:59:34","web_eventosmeta  |   File ""/usr/local/lib/python3.13/site-packages/django/conf/__init__.py"", line 166, in __init__"
"2026-07-08 12:59:34","web_eventosmeta  |     mod = importlib.import_module(self.SETTINGS_MODULE)"
"2026-07-08 12:59:34","web_eventosmeta  |   File ""/usr/local/lib/python3.13/importlib/__init__.py"", line 88, in import_module"
"2026-07-08 12:59:34","web_eventosmeta  |     return _bootstrap._gcd_import(name[level:], package, level)"
"2026-07-08 12:59:34","web_eventosmeta  |            ~~~~~~~~~~~~~~~~~~~~~~^^^^^^^^^^^^^^^^^^^^^^^^^^^^^^"
"2026-07-08 12:59:34","web_eventosmeta  |   File ""<frozen importlib._bootstrap>"", line 1395, in _gcd_import"
"2026-07-08 12:59:34","web_eventosmeta  |   File ""<frozen importlib._bootstrap>"", line 1360, in _find_and_load"
"2026-07-08 12:59:34","web_eventosmeta  |   File ""<frozen importlib._bootstrap>"", line 1331, in _find_and_load_unlocked"
"2026-07-08 12:59:34","web_eventosmeta  |   File ""<frozen importlib._bootstrap>"", line 935, in _load_unlocked"
"2026-07-08 12:59:34","web_eventosmeta  |   File ""<frozen importlib._bootstrap_external>"", line 1023, in exec_module"
"2026-07-08 12:59:34","web_eventosmeta  |   File ""<frozen importlib._bootstrap>"", line 488, in _call_with_frames_removed"
"2026-07-08 12:59:34","web_eventosmeta  |   File ""/app/config/settings.py"", line 282, in <module>"
"2026-07-08 12:59:34","web_eventosmeta  |     EOF"
"2026-07-08 12:59:34","web_eventosmeta  | NameError: name 'EOF' is not defined"
"2026-07-08 12:59:34","web_eventosmeta  | Aguardando PostgreSQL ficar pronto..."
"2026-07-08 12:59:34","web_eventosmeta  | Executando migrations..."
"2026-07-08 12:59:34","web_eventosmeta  | Traceback (most recent call last):"
"2026-07-08 12:59:34","web_eventosmeta  |   File ""/app/manage.py"", line 22, in <module>"
"2026-07-08 12:59:34","web_eventosmeta  |     main()"
"2026-07-08 12:59:34","web_eventosmeta  |     ~~~~^^"
"2026-07-08 12:59:34","web_eventosmeta  |   File ""/app/manage.py"", line 18, in main"
"2026-07-08 12:59:34","web_eventosmeta  |     execute_from_command_line(sys.argv)"
"2026-07-08 12:59:34","web_eventosmeta  |     ~~~~~~~~~~~~~~~~~~~~~~~~~^^^^^^^^^^"
"2026-07-08 12:59:34","web_eventosmeta  |   File ""/usr/local/lib/python3.13/site-packages/django/core/management/__init__.py"", line 442, in execute_from_command_line"
"2026-07-08 12:59:34","web_eventosmeta  |     utility.execute()"
"2026-07-08 12:59:34","web_eventosmeta  |     ~~~~~~~~~~~~~~~^^"
"2026-07-08 12:59:34","web_eventosmeta  |   File ""/usr/local/lib/python3.13/site-packages/django/core/management/__init__.py"", line 382, in execute"
"2026-07-08 12:59:34","web_eventosmeta  |     settings.INSTALLED_APPS"
"2026-07-08 12:59:34","web_eventosmeta  |   File ""/usr/local/lib/python3.13/site-packages/django/conf/__init__.py"", line 81, in __getattr__"
"2026-07-08 12:59:34","web_eventosmeta  |     self._setup(name)"
"2026-07-08 12:59:34","web_eventosmeta  |     ~~~~~~~~~~~^^^^^^"
"2026-07-08 12:59:34","web_eventosmeta  |   File ""/usr/local/lib/python3.13/site-packages/django/conf/__init__.py"", line 68, in _setup"
"2026-07-08 12:59:34","web_eventosmeta  |     self._wrapped = Settings(settings_module)"
"2026-07-08 12:59:34","web_eventosmeta  |                     ~~~~~~~~^^^^^^^^^^^^^^^^^"
"2026-07-08 12:59:34","web_eventosmeta  |   File ""/usr/local/lib/python3.13/site-packages/django/conf/__init__.py"", line 166, in __init__"
"2026-07-08 12:59:34","web_eventosmeta  |     mod = importlib.import_module(self.SETTINGS_MODULE)"
"2026-07-08 12:59:34","web_eventosmeta  |   File ""/usr/local/lib/python3.13/importlib/__init__.py"", line 88, in import_module"
"2026-07-08 12:59:34","web_eventosmeta  |     return _bootstrap._gcd_import(name[level:], package, level)"
"2026-07-08 12:59:34","web_eventosmeta  |            ~~~~~~~~~~~~~~~~~~~~~~^^^^^^^^^^^^^^^^^^^^^^^^^^^^^^"
"2026-07-08 12:59:34","web_eventosmeta  |   File ""<frozen importlib._bootstrap>"", line 1395, in _gcd_import"
"2026-07-08 12:59:34","web_eventosmeta  |   File ""<frozen importlib._bootstrap>"", line 1360, in _find_and_load"
"2026-07-08 12:59:34","web_eventosmeta  |   File ""<frozen importlib._bootstrap>"", line 1331, in _find_and_load_unlocked"
"2026-07-08 12:59:34","web_eventosmeta  |   File ""<frozen importlib._bootstrap>"", line 935, in _load_unlocked"
"2026-07-08 12:59:34","web_eventosmeta  |   File ""<frozen importlib._bootstrap_external>"", line 1023, in exec_module"
"2026-07-08 12:59:34","web_eventosmeta  |   File ""<frozen importlib._bootstrap>"", line 488, in _call_with_frames_removed"
"2026-07-08 12:59:34","web_eventosmeta  |   File ""/app/config/settings.py"", line 282, in <module>"
"2026-07-08 12:59:34","web_eventosmeta  |     EOF"
"2026-07-08 12:59:34","web_eventosmeta  | NameError: name 'EOF' is not defined"
"2026-07-08 12:59:34","web_eventosmeta  | Aguardando PostgreSQL ficar pronto..."
"2026-07-08 12:59:34","web_eventosmeta  | Executando migrations..."
"2026-07-08 12:59:34","web_eventosmeta  | Traceback (most recent call last):"
"2026-07-08 12:59:34","web_eventosmeta  |   File ""/app/manage.py"", line 22, in <module>"
"2026-07-08 12:59:34","web_eventosmeta  |     main()"
"2026-07-08 12:59:34","web_eventosmeta  |     ~~~~^^"
"2026-07-08 12:59:34","web_eventosmeta  |   File ""/app/manage.py"", line 18, in main"
"2026-07-08 12:59:34","web_eventosmeta  |     execute_from_command_line(sys.argv)"
"2026-07-08 12:59:34","web_eventosmeta  |     ~~~~~~~~~~~~~~~~~~~~~~~~~^^^^^^^^^^"
"2026-07-08 12:59:34","web_eventosmeta  |   File ""/usr/local/lib/python3.13/site-packages/django/core/management/__init__.py"", line 442, in execute_from_command_line"
"2026-07-08 12:59:34","web_eventosmeta  |     utility.execute()"
"2026-07-08 12:59:34","web_eventosmeta  |     ~~~~~~~~~~~~~~~^^"
"2026-07-08 12:59:34","web_eventosmeta  |   File ""/usr/local/lib/python3.13/site-packages/django/core/management/__init__.py"", line 382, in execute"
"2026-07-08 12:59:34","web_eventosmeta  |     settings.INSTALLED_APPS"
"2026-07-08 12:59:34","web_eventosmeta  |   File ""/usr/local/lib/python3.13/site-packages/django/conf/__init__.py"", line 81, in __getattr__"
"2026-07-08 12:59:34","web_eventosmeta  |     self._setup(name)"
"2026-07-08 12:59:34","web_eventosmeta  |     ~~~~~~~~~~~^^^^^^"
"2026-07-08 12:59:34","web_eventosmeta  |   File ""/usr/local/lib/python3.13/site-packages/django/conf/__init__.py"", line 68, in _setup"
"2026-07-08 12:59:34","web_eventosmeta  |     self._wrapped = Settings(settings_module)"
"2026-07-08 12:59:34","web_eventosmeta  |                     ~~~~~~~~^^^^^^^^^^^^^^^^^"
"2026-07-08 12:59:34","web_eventosmeta  |   File ""/usr/local/lib/python3.13/site-packages/django/conf/__init__.py"", line 166, in __init__"
"2026-07-08 12:59:34","web_eventosmeta  |     mod = importlib.import_module(self.SETTINGS_MODULE)"
"2026-07-08 12:59:34","web_eventosmeta  |   File ""/usr/local/lib/python3.13/importlib/__init__.py"", line 88, in import_module"
"2026-07-08 12:59:34","web_eventosmeta  |     return _bootstrap._gcd_import(name[level:], package, level)"
"2026-07-08 12:59:34","web_eventosmeta  |            ~~~~~~~~~~~~~~~~~~~~~~^^^^^^^^^^^^^^^^^^^^^^^^^^^^^^"
"2026-07-08 12:59:34","web_eventosmeta  |   File ""<frozen importlib._bootstrap>"", line 1395, in _gcd_import"
"2026-07-08 12:59:34","web_eventosmeta  |   File ""<frozen importlib._bootstrap>"", line 1360, in _find_and_load"
"2026-07-08 12:59:34","web_eventosmeta  |   File ""<frozen importlib._bootstrap>"", line 1331, in _find_and_load_unlocked"
"2026-07-08 12:59:34","web_eventosmeta  |   File ""<frozen importlib._bootstrap>"", line 935, in _load_unlocked"
"2026-07-08 12:59:34","web_eventosmeta  |   File ""<frozen importlib._bootstrap_external>"", line 1023, in exec_module"
"2026-07-08 12:59:34","web_eventosmeta  |   File ""<frozen importlib._bootstrap>"", line 488, in _call_with_frames_removed"
"2026-07-08 12:59:34","web_eventosmeta  |   File ""/app/config/settings.py"", line 282, in <module>"
"2026-07-08 12:59:34","web_eventosmeta  |     EOF"
"2026-07-08 12:59:34","web_eventosmeta  | NameError: name 'EOF' is not defined"
"2026-07-08 12:59:34","web_eventosmeta  | Aguardando PostgreSQL ficar pronto..."
"2026-07-08 12:59:34","web_eventosmeta  | Executando migrations..."
"2026-07-08 12:59:34","web_eventosmeta  | Traceback (most recent call last):"
"2026-07-08 12:59:34","web_eventosmeta  |   File ""/app/manage.py"", line 22, in <module>"
"2026-07-08 12:59:34","web_eventosmeta  |     main()"
"2026-07-08 12:59:34","web_eventosmeta  |     ~~~~^^"
"2026-07-08 12:59:34","web_eventosmeta  |   File ""/app/manage.py"", line 18, in main"
"2026-07-08 12:59:34","web_eventosmeta  |     execute_from_command_line(sys.argv)"
"2026-07-08 12:59:34","web_eventosmeta  |     ~~~~~~~~~~~~~~~~~~~~~~~~~^^^^^^^^^^"
"2026-07-08 12:59:34","web_eventosmeta  |   File ""/usr/local/lib/python3.13/site-packages/django/core/management/__init__.py"", line 442, in execute_from_command_line"
"2026-07-08 12:59:34","web_eventosmeta  |     utility.execute()"
"2026-07-08 12:59:34","web_eventosmeta  |     ~~~~~~~~~~~~~~~^^"
"2026-07-08 12:59:34","web_eventosmeta  |   File ""/usr/local/lib/python3.13/site-packages/django/core/management/__init__.py"", line 382, in execute"
"2026-07-08 12:59:34","web_eventosmeta  |     settings.INSTALLED_APPS"
"2026-07-08 12:59:34","web_eventosmeta  |   File ""/usr/local/lib/python3.13/site-packages/django/conf/__init__.py"", line 81, in __getattr__"
"2026-07-08 12:59:34","web_eventosmeta  |     self._setup(name)"
"2026-07-08 12:59:34","web_eventosmeta  |     ~~~~~~~~~~~^^^^^^"
"2026-07-08 12:59:34","web_eventosmeta  |   File ""/usr/local/lib/python3.13/site-packages/django/conf/__init__.py"", line 68, in _setup"
"2026-07-08 12:59:34","web_eventosmeta  |     self._wrapped = Settings(settings_module)"
"2026-07-08 12:59:34","web_eventosmeta  |                     ~~~~~~~~^^^^^^^^^^^^^^^^^"
"2026-07-08 12:59:34","web_eventosmeta  |   File ""/usr/local/lib/python3.13/site-packages/django/conf/__init__.py"", line 166, in __init__"
"2026-07-08 12:59:34","web_eventosmeta  |     mod = importlib.import_module(self.SETTINGS_MODULE)"
"2026-07-08 12:59:34","web_eventosmeta  |   File ""/usr/local/lib/python3.13/importlib/__init__.py"", line 88, in import_module"
"2026-07-08 12:59:34","web_eventosmeta  |     return _bootstrap._gcd_import(name[level:], package, level)"
"2026-07-08 12:59:34","web_eventosmeta  |            ~~~~~~~~~~~~~~~~~~~~~~^^^^^^^^^^^^^^^^^^^^^^^^^^^^^^"
"2026-07-08 12:59:34","web_eventosmeta  |   File ""<frozen importlib._bootstrap>"", line 1395, in _gcd_import"
"2026-07-08 12:59:34","web_eventosmeta  |   File ""<frozen importlib._bootstrap>"", line 1360, in _find_and_load"
"2026-07-08 12:59:34","web_eventosmeta  |   File ""<frozen importlib._bootstrap>"", line 1331, in _find_and_load_unlocked"
"2026-07-08 12:59:34","web_eventosmeta  |   File ""<frozen importlib._bootstrap>"", line 935, in _load_unlocked"
"2026-07-08 12:59:34","web_eventosmeta  |   File ""<frozen importlib._bootstrap_external>"", line 1023, in exec_module"
"2026-07-08 12:59:34","web_eventosmeta  |   File ""<frozen importlib._bootstrap>"", line 488, in _call_with_frames_removed"
"2026-07-08 12:59:34","web_eventosmeta  |   File ""/app/config/settings.py"", line 282, in <module>"
"2026-07-08 12:59:34","web_eventosmeta  |     EOF"
"2026-07-08 12:59:34","web_eventosmeta  | NameError: name 'EOF' is not defined"
"2026-07-08 12:59:34","web_eventosmeta  | Aguardando PostgreSQL ficar pronto..."
"2026-07-08 12:59:34","web_eventosmeta  | Executando migrations..."
"2026-07-08 12:59:34","web_eventosmeta  | Traceback (most recent call last):"
"2026-07-08 12:59:34","web_eventosmeta  |   File ""/app/manage.py"", line 22, in <module>"
"2026-07-08 12:59:34","web_eventosmeta  |     main()"
"2026-07-08 12:59:34","web_eventosmeta  |     ~~~~^^"
"2026-07-08 12:59:34","web_eventosmeta  |   File ""/app/manage.py"", line 18, in main"
"2026-07-08 12:59:34","web_eventosmeta  |     execute_from_command_line(sys.argv)"
"2026-07-08 12:59:34","web_eventosmeta  |     ~~~~~~~~~~~~~~~~~~~~~~~~~^^^^^^^^^^"
"2026-07-08 12:59:34","web_eventosmeta  |   File ""/usr/local/lib/python3.13/site-packages/django/core/management/__init__.py"", line 442, in execute_from_command_line"
"2026-07-08 12:59:34","web_eventosmeta  |     utility.execute()"
"2026-07-08 12:59:34","web_eventosmeta  |     ~~~~~~~~~~~~~~~^^"
"2026-07-08 12:59:34","web_eventosmeta  |   File ""/usr/local/lib/python3.13/site-packages/django/core/management/__init__.py"", line 382, in execute"
"2026-07-08 12:59:34","web_eventosmeta  |     settings.INSTALLED_APPS"
"2026-07-08 12:59:34","web_eventosmeta  |   File ""/usr/local/lib/python3.13/site-packages/django/conf/__init__.py"", line 81, in __getattr__"
"2026-07-08 12:59:34","web_eventosmeta  |     self._setup(name)"
"2026-07-08 12:59:34","web_eventosmeta  |     ~~~~~~~~~~~^^^^^^"
"2026-07-08 12:59:34","web_eventosmeta  |   File ""/usr/local/lib/python3.13/site-packages/django/conf/__init__.py"", line 68, in _setup"
"2026-07-08 12:59:34","web_eventosmeta  |     self._wrapped = Settings(settings_module)"
"2026-07-08 12:59:34","web_eventosmeta  |                     ~~~~~~~~^^^^^^^^^^^^^^^^^"
"2026-07-08 12:59:34","web_eventosmeta  |   File ""/usr/local/lib/python3.13/site-packages/django/conf/__init__.py"", line 166, in __init__"
"2026-07-08 12:59:34","web_eventosmeta  |     mod = importlib.import_module(self.SETTINGS_MODULE)"
"2026-07-08 12:59:34","web_eventosmeta  |   File ""/usr/local/lib/python3.13/importlib/__init__.py"", line 88, in import_module"
"2026-07-08 12:59:34","web_eventosmeta  |     return _bootstrap._gcd_import(name[level:], package, level)"
"2026-07-08 12:59:34","web_eventosmeta  |            ~~~~~~~~~~~~~~~~~~~~~~^^^^^^^^^^^^^^^^^^^^^^^^^^^^^^"
"2026-07-08 12:59:34","web_eventosmeta  |   File ""<frozen importlib._bootstrap>"", line 1395, in _gcd_import"
"2026-07-08 12:59:34","web_eventosmeta  |   File ""<frozen importlib._bootstrap>"", line 1360, in _find_and_load"
"2026-07-08 12:59:34","web_eventosmeta  |   File ""<frozen importlib._bootstrap>"", line 1331, in _find_and_load_unlocked"
"2026-07-08 12:59:34","web_eventosmeta  |   File ""<frozen importlib._bootstrap>"", line 935, in _load_unlocked"
"2026-07-08 12:59:34","web_eventosmeta  |   File ""<frozen importlib._bootstrap_external>"", line 1023, in exec_module"
"2026-07-08 12:59:34","web_eventosmeta  |   File ""<frozen importlib._bootstrap>"", line 488, in _call_with_frames_removed"
"2026-07-08 12:59:34","web_eventosmeta  |   File ""/app/config/settings.py"", line 282, in <module>"
"2026-07-08 12:59:34","web_eventosmeta  |     EOF"
"2026-07-08 12:59:34","web_eventosmeta  | NameError: name 'EOF' is not defined"
"2026-07-08 12:59:34","web_eventosmeta  | Aguardando PostgreSQL ficar pronto..."
"2026-07-08 12:59:34","web_eventosmeta  | Aguardando PostgreSQL ficar pronto..."
